Publication,Taxon ,Invertebrate,Trait,Function,Country,Climate,Ecosystem,Design,Habitat,Site.Treatment,Technique
Bradford et al. 2007,Orgyia leucostigma,Leaf-chewing Lepidoptera,Leaf chewers,Herbivore,USA,Temperate,Woodland,Mesocosm,Plant leaf,Laboratory,Induced herbivory
Brennan et al. 2009,Macroarthropods,Arthropod,Macro-invertebrate,Decomposers,Australia,Temperate,Woodland,Field study,Leaf litter,Coastal Blackbutt forest,Litter bag exclusion
Buchkowski et al. 2019,Melanoplus femurrubrum,Grasshoppers,Leaf chewers,Herbivore,USA,Temperate,Grassland,Field study,Plant leaf,Old field grassland,Cage exclusion
Chapman et al. 2003,Matsucoccus acalyptus,Leaf-piercing scale,Leaf piercers,Herbivore,USA,Temperate,Woodland,Field study,Plant leaf,Semiarid herbivore woodland,Insecticide
Chapman et al. 2003,Dioryctria albovittella,Leaf-chewing Lepidoptera,Leaf chewers,Herbivore,USA,Temperate,Woodland,Field study,Plant leaf,Semiarid herbivore woodland,Insecticide
Classen et al. 2006,Macroarthropods,Moth and Scale insects,Leaf piercers,Herbivore,USA,Temperate,Woodland,Field study,Plant leaf,Semiarid herbivore woodland,Insecticide
Gonzalez and Seastedt 2001,Microarthropod,Arthropod,Micro-invertebrate,Decomposers,Puerto Rico,Tropical,Woodland,Field study,Litter,Subtropical wet forest,Insecticide/physical barrier/sifting
Gonzalez and Seastedt 2001,Microarthropod,Arthropod,Micro-invertebrate,Decomposers,Puerto Rico,Tropical,Woodland,Field study,Litter,Subtropical wet forest,Insecticide/physical barrier/sifting
Gonzalez and Seastedt 2001,Microarthropod,Arthropod,Micro-invertebrate,Decomposers,Puerto Rico,Tropical,Woodland,Field study,Litter,Subtropical dry forest,Insecticide/physical barrier/sifting
Gonzalez and Seastedt 2001,Microarthropod,Arthropod,Micro-invertebrate,Decomposers,USA,Temperate,Woodland,Field study,Litter,Subalpine forest,Insecticide/physical barrier/sifting
Gonzalez and Seastedt 2001,Microarthropod,Arthropod,Micro-invertebrate,Decomposers,USA,Temperate,Woodland,Field study,Litter,Subalpine forest,Insecticide/physical barrier/sifting
Gonzalez and Seastedt 2001,Microarthropod,Arthropod,Micro-invertebrate,Decomposers,Puerto Rico,Tropical,Woodland,Field study,Litter,Subtropical dry forest,Insecticide/physical barrier/sifting
Hunter et al. 2002,Macroarthropods,Arthropod,Macro-invertebrate,Decomposers,USA,Temperate,Woodland,Field study,Litter,Deciduous forest,Litter bag exclusion
Hunter et al. 2002,Macroarthropods,Arthropod,Macro-invertebrate,Decomposers,USA,Temperate,Woodland,Field study,Litter,Deciduous forest,Litter bag exclusion
Hunter et al. 2002,Macroarthropods,Arthropod,Macro-invertebrate,Decomposers,USA,Temperate,Woodland,Field study,Litter,Riparian forest,Litter bag exclusion
Hunter et al. 2002,Macroarthropods,Arthropod,Macro-invertebrate,Decomposers,USA,Temperate,Woodland,Field study,Litter,Riparian forest,Litter bag exclusion
Hunter et al. 2002,Macroarthropods,Arthropod,Macro-invertebrate,Decomposers,USA,Temperate,Woodland,Field study,Litter,Deciduous forest,Litter bag exclusion
Hunter et al. 2002,Macroarthropods,Arthropod,Macro-invertebrate,Decomposers,USA,Temperate,Woodland,Field study,Litter,Riparian forest,Litter bag exclusion
Ibanez et al. 2013,"Chorthippus scalaris, Euthystira brachyptera",Orthoptera,Leaf chewers,Herbivore,France,Temperate,Grassland,Mesocosm,Plant leaf,Subalpine grassland,Fauna manipulation/litter bag exclusion
Ibanez et al. 2013,"Chorthippus scalaris, Euthystira brachyptera",Orthoptera,Leaf chewers,Herbivore,France,Temperate,Grassland,Mesocosm,Plant leaf,Subalpine grassland,Fauna manipulation/litter bag exclusion
Joo et al. 2006,Microarthropod,Arthropod,Micro-invertebrate,Decomposers,Japan,Temperate,Woodland,Field study,Litter,Cedar plantation,Litter bag exclusion
Mayer 2008,Macro-invertebrate,Arthropod,Macro-invertebrate,Decomposers,USA,Temperate,Woodland,Field study,Litter,Forest-grassland mix,Litter bag exclusion
Schadler et al. 2004,Macro-invertebrate,Arthropod,Macro-invertebrate,Herbivore,Germany,Temperate,Grassland,Field study,Soil,Oldfield grassland,Insecticide
Schadler et al. 2004,Macro-invertebrate,Arthropod,Macro-invertebrate,Decomposers,Germany,Temperate,Grassland,Field study,Soil,Oldfield grassland,Insecticide
Schadler et al. 2004,Macro-invertebrate,Arthropod,Macro-invertebrate,Herbivore,Germany,Temperate,Grassland,Field study,Plant leaf,Oldfield grassland,Insecticide
Schadler et al. 2004,Macro-invertebrate,Arthropod,Macro-invertebrate,Decomposers,Germany,Temperate,Grassland,Field study,Litter,Oldfield grassland,Insecticide
Schadler et al. 2004,Macro-invertebrate,Arthropod,Macro-invertebrate,Herbivore,Germany,Temperate,Grassland,Field study,Plant leaf,Oldfield grassland,Insecticide
Schadler et al. 2004,Macro-invertebrate,Arthropod,Macro-invertebrate,Decomposers,Germany,Temperate,Grassland,Field study,Litter,Oldfield grassland,Insecticide
Schadler et al. 2004,Macro-invertebrate,Arthropod,Macro-invertebrate,Herbivore,Germany,Temperate,Grassland,Field study,Plant leaf,Oldfield grassland,Insecticide
Schadler et al. 2004,Macro-invertebrate,Arthropod,Macro-invertebrate,Decomposers,Germany,Temperate,Grassland,Field study,Litter,Oldfield grassland,Insecticide
Zhang et al. 2011,Oedaleus asiaticus,Leaf-chewing Orthoptera,Leaf chewers,Herbivore,Mongolia,Temperate,Grassland,Field study,Plant leaf,Semi-arid grassland steppe,Fauna manipulation
Zhang et al. 2011,Oedaleus asiaticus,Leaf-chewing Orthoptera,Leaf chewers,Herbivore,Mongolia,Temperate,Grassland,Field study,Plant leaf,Semi-arid grassland steppe,Fauna manipulation
Katayama et al. 2013,Aphis glycines,Aphididae,Leaf piercers,Herbivores,Japan,Temperate,Agriculture,Mesocosm,Plant leaf,Soybean cropfield,Fauna manipulation
Anderson 1973,Micro-invertebrate,Arthropod,Micro-invertebrate,Decomposers,England,Temperate,Woodland,Field study,Litter,Fagus woodland,Litter bag exclusion
Anderson 1973,Macro-invertebrate,Arthropod,Macro-invertebrate,Decomposers,England,Temperate,Woodland,Field study,Litter,Fagus woodland,Litter bag exclusion
Anderson 1973,Macro-invertebrate,Arthropod,Macro-invertebrate,Decomposers,England,Temperate,Woodland,Field study,Litter,Castenea woodland,Litter bag exclusion
Anderson 1973,Micro-invertebrate,Arthropod,Micro-invertebrate,Decomposers,England,Temperate,Woodland,Field study,Litter,Castenea woodland,Litter bag exclusion
Anderson 1973,Macro-invertebrate,Arthropod,Macro-invertebrate,Decomposers,England,Temperate,Woodland,Field study,Litter,Castenea woodland,Litter bag exclusion
Anderson 1973,Micro-invertebrate,Arthropod,Micro-invertebrate,Decomposers,England,Temperate,Woodland,Field study,Litter,Castenea woodland,Litter bag exclusion
Anderson 1973,Macro-invertebrate,Arthropod,Macro-invertebrate,Decomposers,England,Temperate,Woodland,Field study,Litter,Fagus woodland,Litter bag exclusion
Anderson 1973,Micro-invertebrate,Arthropod,Micro-invertebrate,Decomposers,England,Temperate,Woodland,Field study,Litter,Fagus woodland,Litter bag exclusion
Araujo et al. 2004,Rhinodrilus contortus,Earthworm,Bioturbator,Decomposers,Brazil,Tropical,Woodland,Mesocosm,Soil,Greenhouse,Fauna manipulation
Araujo et al. 2004,Pontoscolex corethrurus,Earthworm,Bioturbator,Decomposers,Brazil,Tropical,Woodland,Mesocosm,Soil,Greenhouse,Fauna manipulation
Araujo et al. 2004,Pontoscolex corethrurus,Earthworm,Bioturbator,Decomposers,Brazil,Tropical,Woodland,Mesocosm,Soil,Greenhouse,Fauna manipulation
Araujo et al. 2004,Rhinodrilus contortus,Earthworm,Bioturbator,Decomposers,Brazil,Tropical,Woodland,Mesocosm,Soil,Greenhouse,Fauna manipulation
Araujo et al. 2004,Rhinodrilus contortus,Earthworm,Bioturbator,Decomposers,Brazil,Tropical,Woodland,Mesocosm,Soil,Greenhouse,Fauna manipulation
Araujo et al. 2004,Rhinodrilus contortus,Earthworm,Bioturbator,Decomposers,Brazil,Tropical,Woodland,Mesocosm,Soil,Greenhouse,Fauna manipulation
Araujo et al. 2004,Pontoscolex corethrurus,Earthworm,Bioturbator,Decomposers,Brazil,Tropical,Woodland,Mesocosm,Soil,Greenhouse,Fauna manipulation
Araujo et al. 2004,Pontoscolex corethrurus,Earthworm,Bioturbator,Decomposers,Brazil,Tropical,Woodland,Mesocosm,Soil,Greenhouse,Fauna manipulation
Araujo et al. 2012,Macro-invertebrate,Arthropod,Macro-invertebrate,Decomposers,Argentina,Semiarid,Woodland,Field study,Litter,Shrub-steppe,Insecticide/litter bag exclusion
Araujo et al. 2012,Macro-invertebrate,Arthropod,Macro-invertebrate,Decomposers,Argentina,Semiarid,Woodland,Field study,Litter,Shrub-steppe,Insecticide/litter bag exclusion
Ashton et al. 2019,Bulbitermernes; Macrotermes; Prohamitermes,Termites,Bioturbator,Decomposers,Malayia,Tropical,Woodland,Field study,Litter,Tropical rainforest,Insecticide
Asplund et al. 2013,Micro-invertebrate,Arthropod,Micro-invertebrate,Decomposers,Norway,Temperate,Woodland,Field study,Litter,Picea forest,Litter bag exclusion
Asplund et al. 2013,Micro-invertebrate,Arthropod,Micro-invertebrate,Decomposers,Norway,Temperate,Woodland,Field study,Litter,Picea forest,Litter bag exclusion
Asplund et al. 2013,Micro-invertebrate,Arthropod,Micro-invertebrate,Decomposers,Norway,Temperate,Woodland,Field study,Litter,Picea forest,Litter bag exclusion
Asplund et al. 2013,Micro-invertebrate,Arthropod,Micro-invertebrate,Decomposers,Norway,Temperate,Woodland,Field study,Litter,Picea forest,Litter bag exclusion
Asplund et al. 2013,Micro-invertebrate,Arthropod,Micro-invertebrate,Decomposers,Norway,Temperate,Woodland,Field study,Litter,Picea forest,Litter bag exclusion
Asplund et al. 2013,Micro-invertebrate,Arthropod,Micro-invertebrate,Decomposers,Norway,Temperate,Woodland,Field study,Litter,Picea forest,Litter bag exclusion
Aubert et al. 2009,Macro-invertebrate,Arthropod,Macro-invertebrate,Decomposers,France,Temperate,Woodland,Field study,Litter,Diverse forest,Litter bag exclusion
Aubert et al. 2009,Macro-invertebrate,Arthropod,Macro-invertebrate,Decomposers,France,Temperate,Woodland,Field study,Litter,Diverse forest,Litter bag exclusion
Aubert et al. 2009,Micro-invertebrate,Arthropod,Micro-invertebrate,Decomposers,France,Temperate,Woodland,Field study,Litter,Diverse forest,Litter bag exclusion
Aubert et al. 2009,Micro-invertebrate,Arthropod,Micro-invertebrate,Decomposers,France,Temperate,Woodland,Field study,Litter,Diverse forest,Litter bag exclusion
Aubert et al. 2009,Macro-invertebrate,Arthropod,Macro-invertebrate,Decomposers,France,Temperate,Woodland,Field study,Litter,Diverse forest,Litter bag exclusion
Aubert et al. 2009,Micro-invertebrate,Arthropod,Micro-invertebrate,Decomposers,France,Temperate,Woodland,Field study,Litter,Diverse forest,Litter bag exclusion
Barajas-Guzman and Alvarez-Sanchez 2001,Macro-invertebrate,Arthropod,Macro-invertebrate,Decomposers,Mexico,Tropical,Woodland,Field study,Litter,Mature forest,Litter bag exclusion
Barajas-Guzman and Alvarez-Sanchez 2001,Macro-invertebrate,Arthropod,Macro-invertebrate,Decomposers,Mexico,Tropical,Woodland,Field study,Litter,Mature forest,Litter bag exclusion
Bastow et al. 2008,Porcellio scaber,Isopod,Detritus shredders,Decomposers,USA,Temperate,Grassland,Field study,Litter,Coastal prairie,Litter bag exclusion
Bernaschini et al. 2014,Macro-invertebrate,Arthropod,Macro-invertebrate,Decomposers,Argentina,Temperate,Woodland,Field study,Litter,Dry subtropical forest,Litter bag exclusion
Blair et al. 1992,Micro-invertebrate,Arthropod,Micro-invertebrate,Decomposers,USA,Temperate,Woodland,Field study,Litter,Mixed-hardwood forest,Insecticide
Blair et al. 1992,Micro-invertebrate,Arthropod,Micro-invertebrate,Decomposers,USA,Temperate,Woodland,Field study,Litter,Mixed-hardwood forest,Insecticide
Bradford et al. 2007,Orgyia leucostigma,Leaf-chewing Lepidoptera,Leaf chewers,Herbivores,USA,Temperate,Woodland,Mesocosm,Plant leaf,Laboratory,Induced herbivory
Brennan et al. 2009,Macro-invertebrate,Arthropod,Macro-invertebrate,Decomposers,Australia,Temperate,Woodland,Field study,Litter,Coastal Blackbutt forest,Litter bag exclusion
Buckingham et al. 2015,Macro-invertebrate,Arthropod,Macro-invertebrate,Decomposers,Australia,Temperate,Woodland,Field study,Soil,Eucalyptus forest,Insecticide
Bush et al. 2018,Macro-invertebrate,Arthropod,Macro-invertebrate,Decomposers,USA,Temperate,Woodland,Field study,Litter,Riparian forest,Litter bag exclusion
Butler et al. 2019,Macro-invertebrate,Arthropod,Macro-invertebrate,Decomposers,Australia,Temperate,Woodland,Field study,Litter,Eucalyptus forest,Litter bag exclusion
Cardenas et al. 2017,Micro-invertebrate,Arthropod,Micro-invertebrate,Decomposers,Ecuador,Tropical,Woodland,Mesocosm,Litter,Amazonian forest,Litter bag exclusion
Cardenas et al. 2017,Macro-invertebrate,Arthropod,Macro-invertebrate,Decomposers,Ecuador,Tropical,Woodland,Mesocosm,Litter,Amazonian forest,Litter bag exclusion
Cardenas et al. 2017,Micro-invertebrate,Arthropod,Micro-invertebrate,Decomposers,Ecuador,Tropical,Woodland,Mesocosm,Litter,Amazonian forest,Litter bag exclusion
Cardenas et al. 2017,Macro-invertebrate,Arthropod,Macro-invertebrate,Decomposers,Ecuador,Tropical,Woodland,Mesocosm,Litter,Amazonian forest,Litter bag exclusion
Cardenas et al. 2017,Micro-invertebrate,Arthropod,Micro-invertebrate,Decomposers,Ecuador,Tropical,Woodland,Mesocosm,Litter,Amazonian forest,Litter bag exclusion
Cardenas et al. 2017,Micro-invertebrate,Arthropod,Micro-invertebrate,Decomposers,Ecuador,Tropical,Woodland,Mesocosm,Litter,Amazonian forest,Litter bag exclusion
Cardenas et al. 2017,Micro-invertebrate,Arthropod,Micro-invertebrate,Decomposers,Ecuador,Tropical,Woodland,Mesocosm,Litter,Amazonian forest,Litter bag exclusion
Cardenas et al. 2017,Macro-invertebrate,Arthropod,Macro-invertebrate,Decomposers,Ecuador,Tropical,Woodland,Mesocosm,Litter,Amazonian forest,Litter bag exclusion
Cardenas et al. 2017,Macro-invertebrate,Arthropod,Macro-invertebrate,Decomposers,Ecuador,Tropical,Woodland,Mesocosm,Litter,Amazonian forest,Litter bag exclusion
Cardenas et al. 2017,Micro-invertebrate,Arthropod,Micro-invertebrate,Decomposers,Ecuador,Tropical,Woodland,Mesocosm,Litter,Amazonian forest,Litter bag exclusion
Cardenas et al. 2017,Micro-invertebrate,Arthropod,Micro-invertebrate,Decomposers,Ecuador,Tropical,Woodland,Mesocosm,Litter,Amazonian forest,Litter bag exclusion
Cardenas et al. 2017,Micro-invertebrate,Arthropod,Micro-invertebrate,Decomposers,Ecuador,Tropical,Woodland,Mesocosm,Litter,Amazonian forest,Litter bag exclusion
Cardenas et al. 2017,Macro-invertebrate,Arthropod,Macro-invertebrate,Decomposers,Ecuador,Tropical,Woodland,Mesocosm,Litter,Amazonian forest,Litter bag exclusion
Cardenas et al. 2017,Macro-invertebrate,Arthropod,Macro-invertebrate,Decomposers,Ecuador,Tropical,Woodland,Mesocosm,Litter,Amazonian forest,Litter bag exclusion
Cardenas et al. 2017,Macro-invertebrate,Arthropod,Macro-invertebrate,Decomposers,Ecuador,Tropical,Woodland,Mesocosm,Litter,Amazonian forest,Litter bag exclusion
Cardenas et al. 2017,Macro-invertebrate,Arthropod,Macro-invertebrate,Decomposers,Ecuador,Tropical,Woodland,Mesocosm,Litter,Amazonian forest,Litter bag exclusion
Carrias et al. 2020,Micro-invertebrate,Arthropod,Micro-invertebrate,Decomposers,France (Guiana),Tropical,Woodland,Mesocosm,Litter,Lowland rainforest,Litter bag exclusion
Carrias et al. 2020,Micro-invertebrate,Arthropod,Micro-invertebrate,Decomposers,France (Guiana),Tropical,Woodland,Mesocosm,Litter,Lowland rainforest,Litter bag exclusion
Carrillo et al. 2011,Micro-invertebrate,Arthropod,Micro-invertebrate,Decomposers,USA,Temperate,Grassland,Field study,Litter,Old field grassland,Mesh barrier
Carrillo et al. 2011,Micro-invertebrate,Arthropod,Micro-invertebrate,Decomposers,USA,Temperate,Grassland,Field study,Litter,Old field grassland,Mesh barrier
Carrillo et al. 2011,Micro-invertebrate,Arthropod,Micro-invertebrate,Decomposers,USA,Temperate,Grassland,Field study,Litter,Old field grassland,Mesh barrier
Carrillo et al. 2011,Micro-invertebrate,Arthropod,Micro-invertebrate,Decomposers,USA,Temperate,Grassland,Field study,Litter,Old field grassland,Mesh barrier
Carrillo et al. 2011,Micro-invertebrate,Arthropod,Micro-invertebrate,Decomposers,USA,Temperate,Grassland,Field study,Litter,Old field grassland,Mesh barrier
Carrillo et al. 2011,Micro-invertebrate,Arthropod,Micro-invertebrate,Decomposers,USA,Temperate,Grassland,Field study,Litter,Old field grassland,Mesh barrier
Castanho et al. 2012,Micro-invertebrate,Arthropod,Micro-invertebrate,Decomposers,Brazil,Tropical,Woodland,Field study,Litter,Restinga forest,Litter bag exclusion
Castanho et al. 2012,Micro-invertebrate,Arthropod,Micro-invertebrate,Decomposers,Brazil,Tropical,Woodland,Field study,Litter,Atlantic rainforest,Litter bag exclusion
Castanho et al. 2012,Micro-invertebrate,Arthropod,Micro-invertebrate,Decomposers,Brazil,Tropical,Woodland,Field study,Soil,Restinga forest,Litter bag exclusion
Castanho et al. 2012,Micro-invertebrate,Arthropod,Micro-invertebrate,Decomposers,Brazil,Tropical,Woodland,Field study,Litter,Semi-deciduous forest,Litter bag exclusion
Castanho et al. 2012,Micro-invertebrate,Arthropod,Micro-invertebrate,Decomposers,Brazil,Tropical,Woodland,Field study,Soil,Atlantic rainforest,Litter bag exclusion
Castanho et al. 2012,Micro-invertebrate,Arthropod,Micro-invertebrate,Decomposers,Brazil,Tropical,Woodland,Field study,Soil,Semi-deciduous forest,Litter bag exclusion
Chapman et al. 2003,Dioryctria albovittella,Leaf-chewing Lepidoptera,Leaf chewers,Herbivores,USA,Temperate,Woodland,Field study,Plant leaf,Semiarid herbivore woodland,Insecticide
Coq et al. 2010,Macro-invertebrate,Arthropod,Macro-invertebrate,Decomposers,France (Guiana),Tropical,Woodland,Field study,Litter,Natural rainforest,Litter bag exclusion
Coq et al. 2010,Macro-invertebrate,Arthropod,Macro-invertebrate,Decomposers,France (Guiana),Tropical,Woodland,Field study,Litter,Natural rainforest,Litter bag exclusion
Coq et al. 2010,Macro-invertebrate,Arthropod,Macro-invertebrate,Decomposers,France (Guiana),Tropical,Woodland,Field study,Litter,Natural rainforest,Litter bag exclusion
Coq et al. 2010,Macro-invertebrate,Arthropod,Macro-invertebrate,Decomposers,France (Guiana),Tropical,Woodland,Field study,Litter,Natural rainforest,Litter bag exclusion
Coq et al. 2010,Macro-invertebrate,Arthropod,Macro-invertebrate,Decomposers,France (Guiana),Tropical,Woodland,Field study,Litter,Natural rainforest,Litter bag exclusion
Coq et al. 2010,Macro-invertebrate,Arthropod,Macro-invertebrate,Decomposers,France (Guiana),Tropical,Woodland,Field study,Litter,Natural rainforest,Litter bag exclusion
Coq et al. 2010,Macro-invertebrate,Arthropod,Macro-invertebrate,Decomposers,France (Guiana),Tropical,Woodland,Field study,Litter,Natural rainforest,Litter bag exclusion
Coq et al. 2010,Macro-invertebrate,Arthropod,Macro-invertebrate,Decomposers,France (Guiana),Tropical,Woodland,Field study,Litter,Natural rainforest,Litter bag exclusion
Coq et al. 2010,Macro-invertebrate,Arthropod,Macro-invertebrate,Decomposers,France (Guiana),Tropical,Woodland,Field study,Litter,Natural rainforest,Litter bag exclusion
Coq et al. 2010,Macro-invertebrate,Arthropod,Macro-invertebrate,Decomposers,France (Guiana),Tropical,Woodland,Field study,Litter,Natural rainforest,Litter bag exclusion
Coq et al. 2010,Macro-invertebrate,Arthropod,Macro-invertebrate,Decomposers,France (Guiana),Tropical,Woodland,Field study,Litter,Natural rainforest,Litter bag exclusion
Coq et al. 2010,Macro-invertebrate,Arthropod,Macro-invertebrate,Decomposers,France (Guiana),Tropical,Woodland,Field study,Litter,Natural rainforest,Litter bag exclusion
Coq et al. 2010,Macro-invertebrate,Arthropod,Macro-invertebrate,Decomposers,France (Guiana),Tropical,Woodland,Field study,Litter,Natural rainforest,Litter bag exclusion
Coq et al. 2010,Macro-invertebrate,Arthropod,Macro-invertebrate,Decomposers,France (Guiana),Tropical,Woodland,Field study,Litter,Natural rainforest,Litter bag exclusion
Coq et al. 2010,Macro-invertebrate,Arthropod,Macro-invertebrate,Decomposers,France (Guiana),Tropical,Woodland,Field study,Litter,Natural rainforest,Litter bag exclusion
Coq et al. 2010,Macro-invertebrate,Arthropod,Macro-invertebrate,Decomposers,France (Guiana),Tropical,Woodland,Field study,Litter,Natural rainforest,Litter bag exclusion
Coq et al. 2019,Macro-invertebrate,Arthropod,Macro-invertebrate,Decomposers,France,Temperate,Grassland,Mesocosm,Plant leaf,Greenhouse,Litter bag exclusion
Coq et al. 2019,Macro-invertebrate,Arthropod,Macro-invertebrate,Decomposers,France,Temperate,Grassland,Field study,Plant leaf,Subalpine grassland,Litter bag exclusion
Cortez and Bouche 1998,Lumbricus and Nicodrilus sp.,Earthworm,Bioturbator,Decomposers,France,Temperate,Woodland,Field study,Litter,Deciduous forest,Litter bag exclusion
Cortez and Bouche 1998,Lumbricus and Nicodrilus sp.,Earthworm,Bioturbator,Decomposers,France,Temperate,Woodland,Field study,Litter,Deciduous forest,Litter bag exclusion
Cortez and Bouche 1998,Lumbricus and Nicodrilus sp.,Earthworm,Bioturbator,Decomposers,France,Temperate,Woodland,Field study,Litter,Deciduous forest,Litter bag exclusion
Cortez and Bouche 1998,Lumbricus and Nicodrilus sp.,Earthworm,Bioturbator,Decomposers,France,Temperate,Woodland,Field study,Litter,Deciduous forest,Litter bag exclusion
Cowie et al. 1992,Macro-invertebrate,Arthropod,Macro-invertebrate,Decomposers,England,Temperate,Wetland,Field study,Litter,Unmanaged wetland,Litter bag exclusion
Curry and Byrne 1997,Allolobophora and Lumbricus spp.,Earthworm,Bioturbator,Decomposers,Ireland,Temperate,Agriculture,Field study,Soil,Agricultural wheat/barley,Litter bag exclusion
Dominquez et al. 2010,Macro-invertebrate,Arthropod,Macro-invertebrate,Decomposers,Argentina,Temperate,Agriculture,Field study,Litter,No till agriculture,Litter bag exclusion
Dominquez et al. 2010,Macro-invertebrate,Arthropod,Macro-invertebrate,Decomposers,Argentina,Temperate,Agriculture,Field study,Litter,Natural grasslands,Litter bag exclusion
Dominquez et al. 2010,Macro-invertebrate,Arthropod,Macro-invertebrate,Decomposers,Argentina,Temperate,Agriculture,Field study,Litter,Natural grasslands,Litter bag exclusion
Dominquez et al. 2010,Macro-invertebrate,Arthropod,Macro-invertebrate,Decomposers,Argentina,Temperate,Agriculture,Field study,Litter,No till agriculture,Litter bag exclusion
Douce and Crossley Jr. 1982,Macro-invertebrate,Arthropod,Macro-invertebrate,Decomposers,USA,Arctic,Grassland,Field study,Litter,Tundra trough,Insecticide
Douce and Crossley Jr. 1982,Macro-invertebrate,Arthropod,Macro-invertebrate,Decomposers,USA,Arctic,Grassland,Field study,Litter,Tundra rim,Insecticide
Douce and Crossley Jr. 1982,Macro-invertebrate,Arthropod,Macro-invertebrate,Decomposers,USA,Arctic,Grassland,Field study,Litter,Tundra basin,Insecticide
Elkins and Whitford 1982,Micro-invertebrate,Arthropod,Micro-invertebrate,Decomposers,USA,Temperate,Woodland,Field study,Litter,Semi-arid shrubland,Insecticide
Ewers et al. 2012,Armases cinereum,Decapoda (crab),Hunting predators,Predators,USA,Temperate,Wetland,Field study,Litter,Salt marsh,Fauna manipulation
Ewers et al. 2012,Littoraria irrorata,Gastropoda (snail),Detritus shredders,Decomposers,USA,Temperate,Wetland,Field study,Litter,Salt marsh,Fauna manipulation
Ewers et al. 2012,Littoraria irrorata,Gastropoda (snail),Detritus shredders,Decomposers,USA,Temperate,Wetland,Field study,Litter,Salt marsh,Fauna manipulation
Ewers et al. 2012,Armases cinereum,Decapoda (crab),Hunting predators,Predators,USA,Temperate,Wetland,Field study,Litter,Salt marsh,Fauna manipulation
Fujii et al. 2017,Micro-invertebrate,Arthropod,Micro-invertebrate,Decomposers,Japan,Temperate,Woodland,Field study,Soil,Mixed forest 600 m,Litter bag exclusion
Fujii et al. 2017,Micro-invertebrate,Arthropod,Micro-invertebrate,Decomposers,Japan,Temperate,Woodland,Field study,Soil,Mixed forest 50 m,Litter bag exclusion
Fujii et al. 2017,Micro-invertebrate,Arthropod,Micro-invertebrate,Decomposers,Japan,Temperate,Woodland,Field study,Soil,Mixed forest 400 m,Litter bag exclusion
Fujii et al. 2017,Micro-invertebrate,Arthropod,Micro-invertebrate,Decomposers,Japan,Temperate,Woodland,Field study,Soil,Mixed forest 50 m,Litter bag exclusion
Fujii et al. 2017,Micro-invertebrate,Arthropod,Micro-invertebrate,Decomposers,Japan,Temperate,Woodland,Field study,Litter,Mixed forest 400 m,Litter bag exclusion
Fujii et al. 2017,Micro-invertebrate,Arthropod,Micro-invertebrate,Decomposers,Japan,Temperate,Woodland,Field study,Litter,Mixed forest 50 m,Litter bag exclusion
Fujii et al. 2017,Micro-invertebrate,Arthropod,Micro-invertebrate,Decomposers,Japan,Temperate,Woodland,Field study,Litter,Mixed forest 50 m,Litter bag exclusion
Fujii et al. 2017,Micro-invertebrate,Arthropod,Micro-invertebrate,Decomposers,Japan,Temperate,Woodland,Field study,Litter,Mixed forest 600 m,Litter bag exclusion
Giebelmann et al. 2010,Macro-invertebrate,Arthropod,Macro-invertebrate,Decomposers,Brazil,Tropical,Woodland,Field study,Litter,Tropical rainforest,Litter bag exclusion
Giebelmann et al. 2010,Macro-invertebrate,Arthropod,Macro-invertebrate,Decomposers,Brazil,Tropical,Woodland,Field study,Litter,Tropical rainforest,Litter bag exclusion
Giebelmann et al. 2010,Macro-invertebrate,Arthropod,Macro-invertebrate,Decomposers,Brazil,Tropical,Woodland,Field study,Litter,Tropical rainforest,Litter bag exclusion
Giebelmann et al. 2010,Macro-invertebrate,Arthropod,Macro-invertebrate,Decomposers,Brazil,Tropical,Woodland,Field study,Litter,Tropical rainforest,Litter bag exclusion
Giebelmann et al. 2010,Macro-invertebrate,Arthropod,Macro-invertebrate,Decomposers,Brazil,Tropical,Woodland,Field study,Litter,Tropical rainforest,Litter bag exclusion
Giebelmann et al. 2010,Macro-invertebrate,Arthropod,Macro-invertebrate,Decomposers,Brazil,Tropical,Woodland,Field study,Litter,Tropical rainforest,Litter bag exclusion
Giebelmann et al. 2010,Macro-invertebrate,Arthropod,Macro-invertebrate,Decomposers,Brazil,Tropical,Woodland,Field study,Litter,Tropical rainforest,Litter bag exclusion
Giebelmann et al. 2010,Macro-invertebrate,Arthropod,Macro-invertebrate,Decomposers,Brazil,Tropical,Woodland,Field study,Litter,Tropical rainforest,Litter bag exclusion
Giebelmann et al. 2010,Macro-invertebrate,Arthropod,Macro-invertebrate,Decomposers,Brazil,Tropical,Woodland,Field study,Litter,Tropical rainforest,Litter bag exclusion
Giebelmann et al. 2011,Macro-invertebrate,Arthropod,Macro-invertebrate,Decomposers,Brazil,Tropical,Woodland,Field study,Litter,Mature tropical rainforest,Litter bag exclusion
Hattenschwiler and Gasser 2004,Glomeris sp.,Diplopoda,Detritus shredders,Decomposers,Switzerland,Temperate,Woodland,Field study,Litter,Old-growth mixed forest,Fauna manipulation
Hattenschwiler and Gasser 2004,Aporrectodea longa,Earthworm,Bioturbator,Decomposers,Switzerland,Temperate,Woodland,Field study,Litter,Old-growth mixed forest,Fauna manipulation
Hattenschwiler and Gasser 2004,Glomeris sp.,Diplopoda,Detritus shredders,Decomposers,Switzerland,Temperate,Woodland,Field study,Litter,Old-growth mixed forest,Fauna manipulation
Hattenschwiler and Gasser 2004,Aporrectodea longa,Earthworm,Bioturbator,Decomposers,Switzerland,Temperate,Woodland,Field study,Litter,Old-growth mixed forest,Fauna manipulation
Hattenschwiler and Gasser 2004,Glomeris sp.,Diplopoda,Detritus shredders,Decomposers,Switzerland,Temperate,Woodland,Field study,Litter,Old-growth mixed forest,Fauna manipulation
Hattenschwiler and Gasser 2004,Aporrectodea longa,Earthworm,Bioturbator,Decomposers,Switzerland,Temperate,Woodland,Field study,Litter,Old-growth mixed forest,Fauna manipulation
Hattenschwiler and Gasser 2004,Glomeris sp.,Diplopoda,Detritus shredders,Decomposers,Switzerland,Temperate,Woodland,Field study,Litter,Old-growth mixed forest,Fauna manipulation
Hattenschwiler and Gasser 2004,Aporrectodea longa,Earthworm,Bioturbator,Decomposers,Switzerland,Temperate,Woodland,Field study,Litter,Old-growth mixed forest,Fauna manipulation
Hattenschwiler et al. 2010,Macro-invertebrate,Arthropod,Macro-invertebrate,Decomposers,France (Guiana),Tropical,Woodland,Field study,Litter,Amazonian lowland forest,Litter bag exclusion
Hattenschwiler et al. 2010,Macro-invertebrate,Arthropod,Macro-invertebrate,Decomposers,France (Guiana),Tropical,Woodland,Field study,Litter,Amazonian lowland forest,Litter bag exclusion
Hattenschwiler et al. 2010,Macro-invertebrate,Arthropod,Macro-invertebrate,Decomposers,France (Guiana),Tropical,Woodland,Field study,Litter,Amazonian lowland forest,Litter bag exclusion
Hattenschwiler et al. 2010,Macro-invertebrate,Arthropod,Macro-invertebrate,Decomposers,France (Guiana),Tropical,Woodland,Field study,Litter,Amazonian lowland forest,Litter bag exclusion
Hattenschwiler et al. 2010,Macro-invertebrate,Arthropod,Macro-invertebrate,Decomposers,France (Guiana),Tropical,Woodland,Field study,Litter,Amazonian lowland forest,Litter bag exclusion
Hedde et al. 2010,Dendrodrilus rubidus,Earthworm,Bioturbator,Decomposers,France,Temperate,Woodland,Field study,Litter,Beech forest,Fauna manipulation
Hedde et al. 2010,Oniscus asellus,Isopod,Detritus shredders,Decomposers,France,Temperate,Woodland,Field study,Litter,Beech forest,Fauna manipulation
Hedde et al. 2010,Cylindroiulus latestriatus,Diplopoda,Detritus shredders,Decomposers,France,Temperate,Woodland,Field study,Litter,Beech forest,Fauna manipulation
Hedde et al. 2010,Glomeris marginata,Diplopoda,Detritus shredders,Decomposers,France,Temperate,Woodland,Field study,Litter,Beech forest,Fauna manipulation
Heneghan et al. 1998,Micro-invertebrate,Arthropod,Micro-invertebrate,Decomposers,Puerto Rico,Tropical,Woodland,Field study,Litter,Low montane rainforest,Insecticide
Heneghan et al. 1998,Micro-invertebrate,Arthropod,Micro-invertebrate,Decomposers,USA,Temperate,Woodland,Field study,Litter,Deciduous forest,Insecticide
Heneghan et al. 1998,Micro-invertebrate,Arthropod,Micro-invertebrate,Decomposers,Costa Rica,Tropical,Woodland,Field study,Litter,Lowland rainforest,Insecticide
Heneghan et al. 1999,Micro-invertebrate,Arthropod,Micro-invertebrate,Decomposers,Costa Rica,Tropical,Woodland,Field study,Litter,Lowland rainforest,Insecticide
Heneghan et al. 1999,Micro-invertebrate,Arthropod,Micro-invertebrate,Decomposers,Puerto Rico,Tropical,Woodland,Field study,Litter,Low montane rainforest,Insecticide
Heneghan et al. 1999,Micro-invertebrate,Arthropod,Micro-invertebrate,Decomposers,USA,Temperate,Woodland,Field study,Litter,Deciduous forest,Insecticide
Heneghan et al. 2007,Eurasian earthworms,Earthworm,Bioturbator,Decomposers,USA,Temperate,Woodland,Field study,Litter,Deciduous forest,Litter bag exclusion
Heneghan et al. 2007,Eurasian earthworms,Earthworm,Bioturbator,Decomposers,USA,Temperate,Woodland,Field study,Litter,Deciduous forest,Litter bag exclusion
Heneghan et al. 2007,Eurasian earthworms,Earthworm,Bioturbator,Decomposers,USA,Temperate,Woodland,Field study,Litter,Deciduous forest,Litter bag exclusion
Heneghan et al. 2007,Eurasian earthworms,Earthworm,Bioturbator,Decomposers,USA,Temperate,Woodland,Field study,Litter,Deciduous forest,Litter bag exclusion
Hines and Gessner 2012,Pardosa littoralis,Hunting spider,Hunting predators,Predators,USA,Temperate,Wetland,Field study,Litter,Coastal saltmarsh,Fauna manipulation
Hines and Gessner 2012,Littorophiloscia vittata,Isopod,Detritus shredders,Decomposers,USA,Temperate,Wetland,Field study,Litter,Coastal saltmarsh,Fauna manipulation
Hines and Gessner 2012,Pardosa littoralis,Hunting spider,Hunting predators,Predators,USA,Temperate,Wetland,Field study,Plant leaf,Coastal saltmarsh,Fauna manipulation
Hines and Gessner 2012,Prokelisia dolus,Leaf-chewing  hopper,Leaf chewers,Herbivores,USA,Temperate,Wetland,Field study,Plant leaf,Coastal saltmarsh,Fauna manipulation
Holdsworth et al. 2008,Lumbricus and Dendrobaena sp.,Earthworm,Bioturbator,Decomposers,USA,Temperate,Woodland,Field study,Soil,Deciduous forest,Litter bag exclusion
Holdsworth et al. 2008,Lumbricus and Dendrobaena sp.,Earthworm,Bioturbator,Decomposers,USA,Temperate,Woodland,Field study,Soil,Deciduous forest,Litter bag exclusion
Holdsworth et al. 2008,Lumbricus and Dendrobaena sp.,Earthworm,Bioturbator,Decomposers,USA,Temperate,Woodland,Field study,Soil,Deciduous forest,Litter bag exclusion
Holdsworth et al. 2008,Lumbricus and Dendrobaena sp.,Earthworm,Bioturbator,Decomposers,USA,Temperate,Woodland,Field study,Soil,Deciduous forest,Litter bag exclusion
Hopkins et al. 1990,Micro-invertebrate,Arthropod,Micro-invertebrate,Decomposers,England,Temperate,Grassland,Field study,Soil,Mull soil meadow,Litter bag exclusion
Hopkins et al. 1990,Macro-invertebrate,Arthropod,Macro-invertebrate,Decomposers,England,Temperate,Grassland,Field study,Soil,Mor soil meadow,Litter bag exclusion
Hopkins et al. 1990,Micro-invertebrate,Arthropod,Micro-invertebrate,Decomposers,England,Temperate,Grassland,Field study,Soil,Mor soil meadow,Litter bag exclusion
Hopkins et al. 1990,Macro-invertebrate,Arthropod,Macro-invertebrate,Decomposers,England,Temperate,Grassland,Field study,Soil,Mull soil meadow,Litter bag exclusion
Hou et al. 2005,Macro-invertebrate,Arthropod,Macro-invertebrate,Decomposers,Taiwan,Tropical,Woodland,Field study,Litter,Lowland rainforest,Insecticide
Hunter et al. 2002,Macro-invertebrate,Arthropod,Macro-invertebrate,Decomposers,USA,Temperate,Woodland,Field study,Litter,Riparian forest,Litter bag exclusion
Hunter et al. 2002,Macro-invertebrate,Arthropod,Macro-invertebrate,Decomposers,USA,Temperate,Woodland,Field study,Litter,Deciduous forest,Litter bag exclusion
Hunter et al. 2002,Macro-invertebrate,Arthropod,Macro-invertebrate,Decomposers,USA,Temperate,Woodland,Field study,Litter,Deciduous forest,Litter bag exclusion
Hunter et al. 2002,Macro-invertebrate,Arthropod,Macro-invertebrate,Decomposers,USA,Temperate,Woodland,Field study,Litter,Deciduous forest,Litter bag exclusion
Hunter et al. 2002,Macro-invertebrate,Arthropod,Macro-invertebrate,Decomposers,USA,Temperate,Woodland,Field study,Litter,Riparian forest,Litter bag exclusion
Hunter et al. 2002,Macro-invertebrate,Arthropod,Macro-invertebrate,Decomposers,USA,Temperate,Woodland,Field study,Litter,Riparian forest,Litter bag exclusion
Ibanez et al. 2013,"Chorthippus scalaris, Euthystira brachyptera",Orthoptera,Leaf chewers,Herbivores,France,Temperate,Grassland,Mesocosm,Plant leaf,Subalpine grassland,Fauna manipulation/litter bag exclusion
Ibanez et al. 2013,"Chorthippus scalaris, Euthystira brachyptera",Orthoptera,Leaf chewers,Herbivores,France,Temperate,Grassland,Mesocosm,Plant leaf,Subalpine grassland,Fauna manipulation/litter bag exclusion
Ibanez et al. 2013,"Chorthippus scalaris, Euthystira brachyptera",Orthoptera,Leaf chewers,Herbivores,France,Temperate,Grassland,Mesocosm,Plant leaf,Subalpine grassland,Fauna manipulation/litter bag exclusion
Jia et al. 2015,Macro-invertebrate,Arthropod,Macro-invertebrate,Decomposers,China,Tropical,Woodland,Field study,Litter,Broad-leaf/ coniferous forest,Litter bag exclusion
Jia et al. 2015,Macro-invertebrate,Arthropod,Macro-invertebrate,Decomposers,China,Tropical,Woodland,Field study,Litter,Broad-leaf/ coniferous forest,Litter bag exclusion
Joo et al. 2006,Micro-invertebrate,Arthropod,Micro-invertebrate,Decomposers,Japan,Temperate,Agriculture,Field study,Litter,Agroforestry ceder plantation,Litter bag exclusion
Koltz et al. 2018,Lycosidae,Hunting spider,Hunting predators,Predators,USA,Arctic,Woodland,Field study,Litter,Arctic tundra,Fauna manipulation
Kotilainen et al. 2004,"Folsomia candida, Lepidocyrtus lignorum",Collembola,Detritus grazers,Decomposers,Finland,Temperate,Woodland,Mesocosm,Soil,Laboratory,Fauna manipulation
Kurzatkowski et al. 2004,Micro-invertebrate,Arthropod,Micro-invertebrate,Decomposers,Brazil,Tropical,Agriculture,Field study,Litter,Agroforestry Bastris plantation,Litter bag exclusion
Kurzatkowski et al. 2004,Micro-invertebrate,Arthropod,Micro-invertebrate,Decomposers,Brazil,Tropical,Agriculture,Field study,Litter,Agroforestry Mixed plantation,Litter bag exclusion
Kurzatkowski et al. 2004,Micro-invertebrate,Arthropod,Micro-invertebrate,Decomposers,Brazil,Tropical,Agriculture,Field study,Litter,Agroforestry Bastris plantation,Litter bag exclusion
Lamers et al. 2009,Micro-invertebrate,Arthropod,Micro-invertebrate,Decomposers,Uzbekistan,Temperate,Agriculture,Field study,Litter,Agroforestry plantation,Litter bag exclusion
Lamers et al. 2009,Micro-invertebrate,Arthropod,Micro-invertebrate,Decomposers,Uzbekistan,Temperate,Agriculture,Field study,Litter,Agroforestry plantation,Litter bag exclusion
Lamers et al. 2009,Macro-invertebrate,Arthropod,Macro-invertebrate,Decomposers,Uzbekistan,Temperate,Agriculture,Field study,Litter,Agroforestry plantation,Litter bag exclusion
Lamers et al. 2009,Macro-invertebrate,Arthropod,Macro-invertebrate,Decomposers,Uzbekistan,Temperate,Agriculture,Field study,Litter,Agroforestry plantation,Litter bag exclusion
Lamers et al. 2009,Micro-invertebrate,Arthropod,Micro-invertebrate,Decomposers,Uzbekistan,Temperate,Agriculture,Field study,Litter,Agroforestry plantation,Litter bag exclusion
Lamers et al. 2009,Macro-invertebrate,Arthropod,Macro-invertebrate,Decomposers,Uzbekistan,Temperate,Agriculture,Field study,Litter,Agroforestry plantation,Litter bag exclusion
Lawrence and Wise 2004a,Litter araneae,Hunting spider,Hunting predators,Predators,USA,Temperate,Woodland,Field study,Litter,Oak-Hickory Forest,Fauna manipulation
Lawrence and Wise 2004b,Litter araneae,Hunting spider,Hunting predators,Predators,USA,Temperate,Woodland,Field study,Litter,Oak-Hickory Forest,Fauna manipulation
Lin et al. 2019,Macro-invertebrate,Arthropod,Macro-invertebrate,Decomposers,China,Tropical,Woodland,Field study,Litter,Evergreen broad-leaved forest,Litter bag exclusion
Lin et al. 2019,Macro-invertebrate,Arthropod,Macro-invertebrate,Decomposers,China,Tropical,Woodland,Field study,Litter,Evergreen broad-leaved forest,Litter bag exclusion
Lin et al. 2019,Macro-invertebrate,Arthropod,Macro-invertebrate,Decomposers,China,Tropical,Woodland,Field study,Litter,Evergreen broad-leaved forest,Litter bag exclusion
Lin et al. 2019,Macro-invertebrate,Arthropod,Macro-invertebrate,Decomposers,China,Tropical,Woodland,Field study,Litter,Evergreen broad-leaved forest,Litter bag exclusion
Lin et al. 2019,Macro-invertebrate,Arthropod,Macro-invertebrate,Decomposers,China,Tropical,Woodland,Field study,Litter,Evergreen broad-leaved forest,Litter bag exclusion
Lin et al. 2019,Macro-invertebrate,Arthropod,Macro-invertebrate,Decomposers,China,Tropical,Woodland,Field study,Litter,Evergreen broad-leaved forest,Litter bag exclusion
Lin et al. 2019,Macro-invertebrate,Arthropod,Macro-invertebrate,Decomposers,China,Tropical,Woodland,Field study,Litter,Evergreen broad-leaved forest,Litter bag exclusion
Lin et al. 2019,Macro-invertebrate,Arthropod,Macro-invertebrate,Decomposers,China,Tropical,Woodland,Field study,Litter,Evergreen broad-leaved forest,Litter bag exclusion
Lin et al. 2019,Macro-invertebrate,Arthropod,Macro-invertebrate,Decomposers,China,Tropical,Woodland,Field study,Litter,Evergreen broad-leaved forest,Litter bag exclusion
Lin et al. 2019,Macro-invertebrate,Arthropod,Macro-invertebrate,Decomposers,China,Tropical,Woodland,Field study,Litter,Evergreen broad-leaved forest,Litter bag exclusion
Lin et al. 2019,Macro-invertebrate,Arthropod,Macro-invertebrate,Decomposers,China,Tropical,Woodland,Field study,Litter,Evergreen broad-leaved forest,Litter bag exclusion
Lin et al. 2019,Macro-invertebrate,Arthropod,Macro-invertebrate,Decomposers,China,Tropical,Woodland,Field study,Litter,Evergreen broad-leaved forest,Litter bag exclusion
Lin et al. 2019,Macro-invertebrate,Arthropod,Macro-invertebrate,Decomposers,China,Tropical,Woodland,Field study,Litter,Evergreen broad-leaved forest,Litter bag exclusion
Lin et al. 2019,Macro-invertebrate,Arthropod,Macro-invertebrate,Decomposers,China,Tropical,Woodland,Field study,Litter,Evergreen broad-leaved forest,Litter bag exclusion
Lin et al. 2019,Macro-invertebrate,Arthropod,Macro-invertebrate,Decomposers,China,Tropical,Woodland,Field study,Litter,Evergreen broad-leaved forest,Litter bag exclusion
Lin et al. 2019,Macro-invertebrate,Arthropod,Macro-invertebrate,Decomposers,China,Tropical,Woodland,Field study,Litter,Evergreen broad-leaved forest,Litter bag exclusion
Lin et al. 2019,Macro-invertebrate,Arthropod,Macro-invertebrate,Decomposers,China,Tropical,Woodland,Field study,Litter,Evergreen broad-leaved forest,Litter bag exclusion
Lin et al. 2019,Macro-invertebrate,Arthropod,Macro-invertebrate,Decomposers,China,Tropical,Woodland,Field study,Litter,Evergreen broad-leaved forest,Litter bag exclusion
Lin et al. 2019,Macro-invertebrate,Arthropod,Macro-invertebrate,Decomposers,China,Tropical,Woodland,Field study,Litter,Evergreen broad-leaved forest,Litter bag exclusion
Lin et al. 2019,Macro-invertebrate,Arthropod,Macro-invertebrate,Decomposers,China,Tropical,Woodland,Field study,Litter,Evergreen broad-leaved forest,Litter bag exclusion
Lin et al. 2019,Macro-invertebrate,Arthropod,Macro-invertebrate,Decomposers,China,Tropical,Woodland,Field study,Litter,Evergreen broad-leaved forest,Litter bag exclusion
Lindsay and French 2004,Macro-invertebrate,Arthropod,Macro-invertebrate,Decomposers,Australia,Temperate,Woodland,Field study,Litter,Coastline shubland,Litter bag exclusion
Lindsay and French 2004,Macro-invertebrate,Arthropod,Macro-invertebrate,Decomposers,Australia,Temperate,Woodland,Field study,Litter,Coastline shubland,Litter bag exclusion
Liu et al. 2015,Macrothele yunnanica,Ambush spider,Ambush hunters,Predators,China,Tropical,Woodland,Field study,Litter,Tropical forest,Fauna manipulation
Liu et al. 2015,Pardosa laura,Hunting spider,Hunting predators,Predators,China,Tropical,Woodland,Field study,Litter,Tropical forest,Fauna manipulation
Liu et al. 2015,"Pardosa laura, Macrothele yunnanica",Litter spiders,Hunting predators,Predators,China,Tropical,Woodland,Field study,Litter,Tropical forest,Fauna manipulation
Liu et al. 2016,Pardosa laura,Ambush spider,Ambush hunters,Predators,China,Tropical,Woodland,Field study,Litter,Tropical forest,Fauna manipulation
Liu et al. 2016,"Pardosa laura, Macrothele yunnanica",Litter spiders,Hunting predators,Predators,China,Tropical,Woodland,Field study,Litter,Tropical forest,Fauna manipulation
Liu et al. 2016,Macrothele yunnanica,Hunting spider,Hunting predators,Predators,China,Tropical,Woodland,Field study,Litter,Tropical forest,Fauna manipulation
Liu et al. 2018,Pardosa laura,Hunting spider,Hunting predators,Predators,China,Tropical,Woodland,Field study,Litter,Tropical forest,Fauna manipulation
Liu et al. 2018,"Pardosa laura, Macrothele yunnanica",Litter spiders,Hunting predators,Predators,China,Tropical,Woodland,Field study,Litter,Tropical forest,Fauna manipulation
Liu et al. 2018,Macrothele yunnanica,Ambush spider,Ambush hunters,Predators,China,Tropical,Woodland,Field study,Litter,Tropical forest,Fauna manipulation
Ma et al. 2019,Macro-invertebrate,Arthropod,Macro-invertebrate,Decomposers,China,Temperate,Woodland,Field study,Litter,Betula ermanii forest,Litter bag exclusion
Ma et al. 2019,Macro-invertebrate,Arthropod,Macro-invertebrate,Decomposers,China,Temperate,Woodland,Field study,Litter,Betula ermanii forest,Litter bag exclusion
Ma et al. 2019,Macro-invertebrate,Arthropod,Macro-invertebrate,Decomposers,China,Temperate,Woodland,Field study,Litter,Alpine tundra,Litter bag exclusion
Ma et al. 2019,Macro-invertebrate,Arthropod,Macro-invertebrate,Decomposers,China,Temperate,Woodland,Field study,Litter,Coniferous mixed broad-leaf,Litter bag exclusion
Ma et al. 2019,Macro-invertebrate,Arthropod,Macro-invertebrate,Decomposers,China,Temperate,Woodland,Field study,Litter,Alpine tundra,Litter bag exclusion
Ma et al. 2019,Macro-invertebrate,Arthropod,Macro-invertebrate,Decomposers,China,Temperate,Woodland,Field study,Litter,Coniferous mixed broad-leaf,Litter bag exclusion
Ma et al. 2019,Macro-invertebrate,Arthropod,Macro-invertebrate,Decomposers,China,Temperate,Woodland,Field study,Litter,Betula ermanii forest,Litter bag exclusion
Ma et al. 2019,Macro-invertebrate,Arthropod,Macro-invertebrate,Decomposers,China,Temperate,Woodland,Field study,Litter,Coniferous forest,Litter bag exclusion
Ma et al. 2019,Macro-invertebrate,Arthropod,Macro-invertebrate,Decomposers,China,Temperate,Woodland,Field study,Litter,Coniferous forest,Litter bag exclusion
Ma et al. 2019,Macro-invertebrate,Arthropod,Macro-invertebrate,Decomposers,China,Temperate,Woodland,Field study,Litter,Coniferous mixed broad-leaf,Litter bag exclusion
Ma et al. 2019,Macro-invertebrate,Arthropod,Macro-invertebrate,Decomposers,China,Temperate,Woodland,Field study,Litter,Coniferous mixed broad-leaf,Litter bag exclusion
Ma et al. 2019 (a),Micro-invertebrate,Arthropod,Micro-invertebrate,Decomposers,China,Temperate,Woodland,Field study,Litter,Alpine tundra,Litter bag exclusion
Mayer 2008,Macro-invertebrate,Arthropod,Macro-invertebrate,Decomposers,USA,Temperate,Woodland,Field study,Litter,Forest-grassland mix,Litter bag exclusion
McGlynn and Poison 2012,Macro-invertebrate,Arthropod,Macro-invertebrate,Decomposers,Costa Rica,Tropical,Woodland,Field study,Litter,Lowland rainforest,Fauna manipulation
Milcu and Manning 2010,Micro-invertebrate,Arthropod,Micro-invertebrate,Decomposers,England,Temperate,Grassland,Field study,Litter,Mature grassland,Litter bag exclusion
Milcu and Manning 2010,Macro-invertebrate,Arthropod,Macro-invertebrate,Decomposers,England,Temperate,Grassland,Field study,Litter,Deciduous forest,Litter bag exclusion
Milcu and Manning 2010,Micro-invertebrate,Arthropod,Micro-invertebrate,Decomposers,England,Temperate,Grassland,Field study,Litter,Mature grassland,Litter bag exclusion
Milcu and Manning 2010,Micro-invertebrate,Arthropod,Micro-invertebrate,Decomposers,England,Temperate,Grassland,Field study,Litter,Early succesional grassland,Litter bag exclusion
Milcu and Manning 2010,Macro-invertebrate,Arthropod,Macro-invertebrate,Decomposers,England,Temperate,Grassland,Field study,Litter,Mature grassland,Litter bag exclusion
Milcu and Manning 2010,Micro-invertebrate,Arthropod,Micro-invertebrate,Decomposers,England,Temperate,Grassland,Field study,Litter,Deciduous forest,Litter bag exclusion
Milcu and Manning 2010,Micro-invertebrate,Arthropod,Micro-invertebrate,Decomposers,England,Temperate,Grassland,Field study,Litter,Early succesional grassland,Litter bag exclusion
Milcu and Manning 2010,Macro-invertebrate,Arthropod,Macro-invertebrate,Decomposers,England,Temperate,Grassland,Field study,Litter,Early succesional grassland,Litter bag exclusion
Milcu and Manning 2010,Micro-invertebrate,Arthropod,Micro-invertebrate,Decomposers,England,Temperate,Grassland,Field study,Litter,Deciduous forest,Litter bag exclusion
Milcu and Manning 2010,Micro-invertebrate,Arthropod,Micro-invertebrate,Decomposers,England,Temperate,Grassland,Field study,Litter,Early succesional grassland,Litter bag exclusion
Milcu and Manning 2010,Macro-invertebrate,Arthropod,Macro-invertebrate,Decomposers,England,Temperate,Grassland,Field study,Litter,Mature grassland,Litter bag exclusion
Milcu and Manning 2010,Micro-invertebrate,Arthropod,Micro-invertebrate,Decomposers,England,Temperate,Grassland,Field study,Litter,Deciduous forest,Litter bag exclusion
Milcu and Manning 2010,Micro-invertebrate,Arthropod,Micro-invertebrate,Decomposers,England,Temperate,Grassland,Field study,Litter,Mature grassland,Litter bag exclusion
Milcu and Manning 2010,Macro-invertebrate,Arthropod,Macro-invertebrate,Decomposers,England,Temperate,Grassland,Field study,Litter,Deciduous forest,Litter bag exclusion
Milcu and Manning 2010,Macro-invertebrate,Arthropod,Macro-invertebrate,Decomposers,England,Temperate,Grassland,Field study,Litter,Mature grassland,Litter bag exclusion
Milcu and Manning 2010,Macro-invertebrate,Arthropod,Macro-invertebrate,Decomposers,England,Temperate,Grassland,Field study,Litter,Early succesional grassland,Litter bag exclusion
Milcu and Manning 2010,Macro-invertebrate,Arthropod,Macro-invertebrate,Decomposers,England,Temperate,Grassland,Field study,Litter,Early succesional grassland,Litter bag exclusion
Milcu and Manning 2010,Macro-invertebrate,Arthropod,Macro-invertebrate,Decomposers,England,Temperate,Grassland,Field study,Litter,Mature grassland,Litter bag exclusion
Milton and Kaspari 2007,Macro-invertebrate,Arthropod,Macro-invertebrate,Decomposers,Panama,Tropical,Woodland,Field study,Litter,Old growth rainforest,Litter bag exclusion
Milton and Kaspari 2007,Micro-invertebrate,Arthropod,Micro-invertebrate,Decomposers,Panama,Tropical,Woodland,Field study,Litter,Old growth rainforest,Litter bag exclusion
Ossola et al. 2016,Macro-invertebrate,Arthropod,Macro-invertebrate,Decomposers,Australia,Temperate,Woodland,Field study,Litter,Eucalyptus remnants forest,Litter bag exclusion
Ossola et al. 2016,Macro-invertebrate,Arthropod,Macro-invertebrate,Decomposers,Australia,Temperate,Woodland,Field study,Litter,Eucalyptus remnants forest,Litter bag exclusion
Ouedrago et al. 2004,Macro-invertebrate,Arthropod,Macro-invertebrate,Decomposers,Burkina Faso (Africa),Tropical,Grassland,Field study,Litter,Grassland steppe,Insecticide/litter bag exclusion
Ouedrago et al. 2004,Macro-invertebrate,Arthropod,Macro-invertebrate,Decomposers,Burkina Faso (Africa),Tropical,Grassland,Field study,Soil,Grassland steppe,Insecticide/litter bag exclusion
Ouedrago et al. 2004,Macro-invertebrate,Arthropod,Macro-invertebrate,Decomposers,Burkina Faso (Africa),Tropical,Grassland,Field study,Soil,Grassland steppe,Insecticide/litter bag exclusion
Ouedrago et al. 2004,Macro-invertebrate,Arthropod,Macro-invertebrate,Decomposers,Burkina Faso (Africa),Tropical,Grassland,Field study,Litter,Grassland steppe,Insecticide/litter bag exclusion
Pant et al. 2017,Macro-invertebrate,Arthropod,Macro-invertebrate,Decomposers,India,Temperate,Agriculture,Field study,Litter,Rice/wheat cropfield,Insecticide/litter bag exclusion
Pant et al. 2017,Macro-invertebrate,Arthropod,Macro-invertebrate,Decomposers,India,Temperate,Agriculture,Field study,Litter,Rice/wheat cropfield,Insecticide/litter bag exclusion
Panteleit et al. 2018,Pomacea canaliculata,Gastropoda (snail),Detritus shredders,Decomposers,Phillipines,Tropical,Agriculture,Mesocosm,Soil,Laboratory,Fauna manipulation
Panteleit et al. 2018,Micro-invertebrate,Arthropod,Micro-invertebrate,Decomposers,Phillipines,Tropical,Agriculture,Mesocosm,Litter,Laboratory,Fauna manipulation
Panteleit et al. 2018,Pomacea canaliculata,Gastropoda (snail),Detritus shredders,Decomposers,Phillipines,Tropical,Agriculture,Mesocosm,Litter,Laboratory,Fauna manipulation
Panteleit et al. 2018,Micro-invertebrate,Arthropod,Micro-invertebrate,Decomposers,Phillipines,Tropical,Agriculture,Mesocosm,Soil,Laboratory,Fauna manipulation
Peguero et al. 2019,Macro-invertebrate,Arthropod,Macro-invertebrate,Decomposers,France (Guiana),Tropical,Woodland,Field study,Litter,Paracou tropical rainforest,Litter bag exclusion
Peguero et al. 2019,Micro-invertebrate,Arthropod,Micro-invertebrate,Decomposers,France (Guiana),Tropical,Woodland,Field study,Litter,Nouragues tropical rainforest,Litter bag exclusion
Peguero et al. 2019,Micro-invertebrate,Arthropod,Micro-invertebrate,Decomposers,France (Guiana),Tropical,Woodland,Field study,Litter,Paracou tropical rainforest,Litter bag exclusion
Peguero et al. 2019,Macro-invertebrate,Arthropod,Macro-invertebrate,Decomposers,France (Guiana),Tropical,Woodland,Field study,Litter,Nouragues tropical rainforest,Litter bag exclusion
Pena-Pena and Irmler 2016,Macro-invertebrate,Arthropod,Macro-invertebrate,Decomposers,Brazil,Tropical,Grassland,Field study,Litter,Tropical grassland,Litter bag exclusion
Pena-Pena and Irmler 2016,Macro-invertebrate,Arthropod,Macro-invertebrate,Decomposers,Brazil,Tropical,Agriculture,Field study,Litter,Cropland,Litter bag exclusion
Pena-Pena and Irmler 2016,Macro-invertebrate,Arthropod,Macro-invertebrate,Decomposers,Brazil,Tropical,Woodland,Field study,Litter,Tropical rainforest,Litter bag exclusion
Potter et al. 1990,Micro-invertebrate,Arthropod,Micro-invertebrate,Decomposers,USA,Temperate,Grassland,Field study,Litter,Kentucky bluegrass turf,Litter bag exclusion
Potter et al. 1990,Lumbricidae,Earthworm,Bioturbator,Decomposers,USA,Temperate,Grassland,Field study,Litter,Kentucky bluegrass turf,Insecticide
Potter et al. 1990,Macro-invertebrate,Arthropod,Macro-invertebrate,Decomposers,USA,Temperate,Grassland,Field study,Litter,Kentucky bluegrass turf,Litter bag exclusion
Qui et al. 2019,Micro-invertebrate,Arthropod,Micro-invertebrate,Decomposers,USA,Temperate,Woodland,Field study,Litter,Mixed hardwood forest,Litter bag exclusion
Qui et al. 2019,Micro-invertebrate,Arthropod,Micro-invertebrate,Decomposers,China,Temperate,Woodland,Field study,Litter,Mixed hardwood forest,Litter bag exclusion
Reddy et al. 1994,Macro-invertebrate,Arthropod,Macro-invertebrate,Decomposers,India,Tropical,Agriculture,Field study,Litter,Rice cropfield no till,Litter bag exclusion
Reddy et al. 1994,Macro-invertebrate,Arthropod,Macro-invertebrate,Decomposers,India,Tropical,Agriculture,Field study,Litter,Rice cropfield till,Litter bag exclusion
Ruitta et al. 2012,Macro-invertebrate,Arthropod,Macro-invertebrate,Decomposers,England,Temperate,Woodland,Field study,Litter,Deciduous forest,Litter bag exclusion
Ruitta et al. 2012,Macro-invertebrate,Arthropod,Macro-invertebrate,Decomposers,England,Temperate,Woodland,Field study,Litter,Deciduous forest,Litter bag exclusion
Santos and Whitford 1981,Micro-invertebrate,Arthropod,Micro-invertebrate,Decomposers,USA,Temperate,Woodland,Field study,Soil,Desert shrubland,Insecticide
Santos et al. 1981,Micro-invertebrate,Arthropod,Micro-invertebrate,Decomposers,USA,Temperate,Woodland,Field study,Soil,Desert shrubland,Insecticide
Schadler and Brandl 2005,Macro-invertebrate,Arthropod,Macro-invertebrate,Decomposers,Germany,Temperate,Woodland,Field study,Litter,Deciduous forest,Litter bag exclusion
Schadler and Brandl 2005,Macro-invertebrate,Arthropod,Macro-invertebrate,Decomposers,Germany,Temperate,Woodland,Field study,Litter,Deciduous forest,Litter bag exclusion
Schadler and Brandl 2005,Macro-invertebrate,Arthropod,Macro-invertebrate,Decomposers,Germany,Temperate,Woodland,Field study,Litter,Deciduous forest,Litter bag exclusion
Schadler and Brandl 2005,Macro-invertebrate,Arthropod,Macro-invertebrate,Decomposers,Germany,Temperate,Woodland,Field study,Litter,Deciduous forest,Litter bag exclusion
Schadler and Brandl 2005,Macro-invertebrate,Arthropod,Macro-invertebrate,Decomposers,Germany,Temperate,Woodland,Field study,Litter,Deciduous forest,Litter bag exclusion
Schadler and Brandl 2005,Macro-invertebrate,Arthropod,Macro-invertebrate,Decomposers,Germany,Temperate,Woodland,Field study,Litter,Deciduous forest,Litter bag exclusion
Schadler and Brandl 2005,Macro-invertebrate,Arthropod,Macro-invertebrate,Decomposers,Germany,Temperate,Woodland,Field study,Litter,Deciduous forest,Litter bag exclusion
Schadler and Brandl 2005,Macro-invertebrate,Arthropod,Macro-invertebrate,Decomposers,Germany,Temperate,Woodland,Field study,Litter,Deciduous forest,Litter bag exclusion
Schadler and Brandl 2005,Macro-invertebrate,Arthropod,Macro-invertebrate,Decomposers,Germany,Temperate,Woodland,Field study,Litter,Deciduous forest,Litter bag exclusion
Schadler and Brandl 2005,Macro-invertebrate,Arthropod,Macro-invertebrate,Decomposers,Germany,Temperate,Woodland,Field study,Litter,Deciduous forest,Litter bag exclusion
Schadler et al. 2004,Macro-invertebrate,Arthropod,Macro-invertebrate,Herbivores,Germany,Temperate,Grassland,Field study,Plant leaf,Oldfield grassland,Insecticide
Schadler et al. 2004,Macro-invertebrate,Arthropod,Macro-invertebrate,Decomposers,Germany,Temperate,Grassland,Field study,Litter,Oldfield grassland,Insecticide
Shires 1985,Macro-invertebrate,Arthropod,Macro-invertebrate,Decomposers,USA,Temperate,Agriculture,Field study,Litter,Wheat cropfield,Litter bag exclusion
Silva and Vasconcelos 2011,Micro-invertebrate,Arthropod,Micro-invertebrate,Decomposers,Brazil,Tropical,Woodland,Field study,Litter,Savanna woodland,Insecticide/litter bag exclusion
Silveira et al. 2009,Macro-invertebrate,Arthropod,Macro-invertebrate,Decomposers,Brazil,Tropical,Woodland,Field study,Litter,Tropical forest,Litter bag exclusion
Slade et al. 2012,Macro-invertebrate,Arthropod,Macro-invertebrate,Decomposers,England,Temperate,Woodland,Field study,Litter,Deciduous forest,Litter bag exclusion
Slade et al. 2012,Macro-invertebrate,Arthropod,Macro-invertebrate,Decomposers,England,Temperate,Woodland,Field study,Litter,Deciduous forest,Litter bag exclusion
Slade et al. 2012,Macro-invertebrate,Arthropod,Macro-invertebrate,Decomposers,England,Temperate,Woodland,Field study,Litter,Deciduous forest,Litter bag exclusion
Slade et al. 2012,Macro-invertebrate,Arthropod,Macro-invertebrate,Decomposers,England,Temperate,Woodland,Field study,Litter,Deciduous forest,Litter bag exclusion
Slade et al. 2012,Macro-invertebrate,Arthropod,Macro-invertebrate,Decomposers,England,Temperate,Woodland,Field study,Litter,Deciduous forest,Litter bag exclusion
Slade et al. 2012,Macro-invertebrate,Arthropod,Macro-invertebrate,Decomposers,England,Temperate,Woodland,Field study,Litter,Deciduous forest,Litter bag exclusion
Slade et al. 2012,Macro-invertebrate,Arthropod,Macro-invertebrate,Decomposers,England,Temperate,Woodland,Field study,Litter,Deciduous forest,Litter bag exclusion
Smith and Bradford 2003,Macro-invertebrate,Arthropod,Macro-invertebrate,Decomposers,England,Temperate,Grassland,Field study,Litter,Semi-natural grassland,Litter bag exclusion
Smith and Bradford 2003,Macro-invertebrate,Arthropod,Macro-invertebrate,Decomposers,England,Temperate,Grassland,Field study,Litter,Semi-natural grassland,Litter bag exclusion
Smith and Bradford 2003,Macro-invertebrate,Arthropod,Macro-invertebrate,Decomposers,England,Temperate,Grassland,Field study,Litter,Semi-natural grassland,Litter bag exclusion
Smith and Bradford 2003,Macro-invertebrate,Arthropod,Macro-invertebrate,Decomposers,England,Temperate,Grassland,Field study,Litter,Semi-natural grassland,Litter bag exclusion
Smith and Bradford 2003,Macro-invertebrate,Arthropod,Macro-invertebrate,Decomposers,England,Temperate,Grassland,Field study,Litter,Semi-natural grassland,Litter bag exclusion
Smith and Bradford 2003,Macro-invertebrate,Arthropod,Macro-invertebrate,Decomposers,England,Temperate,Grassland,Field study,Litter,Semi-natural grassland,Litter bag exclusion
Smith et al. 2009,Macro-invertebrate,Arthropod,Macro-invertebrate,Decomposers,England,Temperate,Agriculture,Field study,Litter,Wheat cropfield margin,Litter bag exclusion
Smith et al. 2009,Macro-invertebrate,Arthropod,Macro-invertebrate,Decomposers,England,Temperate,Agriculture,Field study,Soil,Wheat cropfield margin,Litter bag exclusion
Standen 1978,Molophilus ater,Tipulidae,Detritus grazers,Decomposers,England,Temperate,Wetland,Field study,Soil,Peat bog,Fauna manipulation
Standen 1978,"Cognettia sphagnetorum, Molophilus ater",Micro-invertebrate,Detritus grazers,Decomposers,England,Temperate,Wetland,Field study,Soil,Peat bog,Fauna manipulation
Standen 1978,Cognettia sphagnetorum,Enchytraeid,Bioturbator,Decomposers,England,Temperate,Wetland,Field study,Soil,Peat bog,Fauna manipulation
Standen 1978,Molophilus ater,Tipulidae,Detritus grazers,Decomposers,England,Temperate,Wetland,Field study,Soil,Peat bog,Fauna manipulation
Standen 1978,Molophilus ater,Tipulidae,Detritus grazers,Decomposers,England,Temperate,Wetland,Field study,Soil,Peat bog,Fauna manipulation
Standen 1978,Cognettia sphagnetorum,Enchytraeid,Bioturbator,Decomposers,England,Temperate,Wetland,Field study,Soil,Peat bog,Fauna manipulation
Standen 1978,"Cognettia sphagnetorum, Molophilus ater",Micro-invertebrate,Detritus grazers,Decomposers,England,Temperate,Wetland,Field study,Soil,Peat bog,Fauna manipulation
Standen 1978,"Cognettia sphagnetorum, Molophilus ater",Micro-invertebrate,Detritus grazers,Decomposers,England,Temperate,Wetland,Field study,Soil,Peat bog,Fauna manipulation
Standen 1978,Cognettia sphagnetorum,Enchytraeid,Bioturbator,Decomposers,England,Temperate,Wetland,Field study,Soil,Peat bog,Fauna manipulation
Suzuki and Ito 2014,Macro-invertebrate,Arthropod,Macro-invertebrate,Decomposers,Japan,Temperate,Woodland,Field study,Litter,Temperate hardwood forest,Litter bag exclusion
Suzuki and Ito 2014,Macro-invertebrate,Arthropod,Macro-invertebrate,Decomposers,Japan,Temperate,Woodland,Field study,Litter,Temperate hardwood forest,Litter bag exclusion
Takeda 1995,Micro-invertebrate,Arthropod,Micro-invertebrate,Decomposers,Japan,Temperate,Woodland,Field study,Litter,Temperate hardwood forest,Insecticide
Tresch et al. 2019,Macro-invertebrate,Arthropod,Macro-invertebrate,Decomposers,Switzerland,Temperate,Agriculture,Field study,Litter,Urban gardens,Litter bag exclusion
Tresch et al. 2019,Macro-invertebrate,Arthropod,Macro-invertebrate,Decomposers,Switzerland,Temperate,Agriculture,Field study,Litter,Urban gardens,Litter bag exclusion
Vasconcelos and Laurance 2005,Macro-invertebrate,Arthropod,Macro-invertebrate,Decomposers,Brazil,Tropical,Woodland,Field study,Litter,Primary rainforest,Insecticide/litter bag exclusion
Vreeken-Buijs and Brussard 1996,Micro-invertebrate,Arthropod,Micro-invertebrate,Decomposers,Netherlands,Temperate,Agriculture,Field study,Soil,Wheat cropfield,Litter bag exclusion
Wang et al. 2009,Micro-invertebrate,Arthropod,Micro-invertebrate,Decomposers,China,Tropical,Woodland,Field study,Litter,Dwarf forest,Insecticide
Wang et al. 2009,Micro-invertebrate,Arthropod,Micro-invertebrate,Decomposers,China,Tropical,Woodland,Field study,Litter,Evergreen broad-leaved forest,Insecticide
Wang et al. 2009,Micro-invertebrate,Arthropod,Micro-invertebrate,Decomposers,China,Tropical,Grassland,Field study,Litter,Alpine meadow,Insecticide
Wang et al. 2009,Micro-invertebrate,Arthropod,Micro-invertebrate,Decomposers,China,Tropical,Woodland,Field study,Litter,Coniferous forest,Insecticide
Wang et al. 2010,Macro-invertebrate,Arthropod,Macro-invertebrate,Decomposers,China,Tropical,Grassland,Field study,Litter,Alpine meadow,Litter bag exclusion
Wang et al. 2010,Micro-invertebrate,Arthropod,Micro-invertebrate,Decomposers,China,Tropical,Grassland,Field study,Litter,Alpine meadow,Litter bag exclusion
Wang et al. 2010,Macro-invertebrate,Arthropod,Macro-invertebrate,Decomposers,China,Tropical,Woodland,Field study,Litter,Evergreen broad-leaved forest,Litter bag exclusion
Wang et al. 2010,Macro-invertebrate,Arthropod,Macro-invertebrate,Decomposers,China,Tropical,Woodland,Field study,Litter,Coniferous forest,Litter bag exclusion
Wang et al. 2010,Macro-invertebrate,Arthropod,Macro-invertebrate,Decomposers,China,Tropical,Woodland,Field study,Litter,Coniferous forest,Litter bag exclusion
Wang et al. 2010,Macro-invertebrate,Arthropod,Macro-invertebrate,Decomposers,China,Tropical,Woodland,Field study,Litter,Evergreen broad-leaved forest,Litter bag exclusion
Wang et al. 2010,Micro-invertebrate,Arthropod,Micro-invertebrate,Decomposers,China,Tropical,Woodland,Field study,Litter,Evergreen broad-leaved forest,Litter bag exclusion
Wang et al. 2010,Micro-invertebrate,Arthropod,Micro-invertebrate,Decomposers,China,Tropical,Woodland,Field study,Litter,Dwarf forest,Litter bag exclusion
Wang et al. 2010,Macro-invertebrate,Arthropod,Macro-invertebrate,Decomposers,China,Tropical,Woodland,Field study,Litter,Dwarf forest,Litter bag exclusion
Wang et al. 2010,Macro-invertebrate,Arthropod,Macro-invertebrate,Decomposers,China,Tropical,Grassland,Field study,Litter,Alpine meadow,Litter bag exclusion
Wang et al. 2010,Macro-invertebrate,Arthropod,Macro-invertebrate,Decomposers,China,Tropical,Woodland,Field study,Litter,Dwarf forest,Litter bag exclusion
Wang et al. 2010,Micro-invertebrate,Arthropod,Micro-invertebrate,Decomposers,China,Tropical,Grassland,Field study,Litter,Alpine meadow,Litter bag exclusion
Wang et al. 2010,Micro-invertebrate,Arthropod,Micro-invertebrate,Decomposers,China,Tropical,Woodland,Field study,Litter,Dwarf forest,Litter bag exclusion
Wang et al. 2010,Micro-invertebrate,Arthropod,Micro-invertebrate,Decomposers,China,Tropical,Woodland,Field study,Litter,Coniferous forest,Litter bag exclusion
Wang et al. 2010,Micro-invertebrate,Arthropod,Micro-invertebrate,Decomposers,China,Tropical,Woodland,Field study,Litter,Coniferous forest,Litter bag exclusion
Wang et al. 2010,Micro-invertebrate,Arthropod,Micro-invertebrate,Decomposers,China,Tropical,Woodland,Field study,Litter,Evergreen broad-leaved forest,Litter bag exclusion
Xin et al. 2009,Micro-invertebrate,Arthropod,Micro-invertebrate,Decomposers,China,Temperate,Woodland,Field study,Litter,Elm woodland,Litter bag exclusion
Xin et al. 2009,Macro-invertebrate,Arthropod,Macro-invertebrate,Decomposers,China,Temperate,Woodland,Field study,Litter,Elm woodland,Litter bag exclusion
Xin et al. 2009,Micro-invertebrate,Arthropod,Micro-invertebrate,Decomposers,China,Temperate,Woodland,Field study,Litter,Elm woodland,Litter bag exclusion
Xin et al. 2009,Macro-invertebrate,Arthropod,Macro-invertebrate,Decomposers,China,Temperate,Woodland,Field study,Litter,Elm woodland,Litter bag exclusion
Xin et al. 2009,Micro-invertebrate,Arthropod,Micro-invertebrate,Decomposers,China,Temperate,Woodland,Field study,Litter,Elm woodland,Litter bag exclusion
Xin et al. 2009,Macro-invertebrate,Arthropod,Macro-invertebrate,Decomposers,China,Temperate,Woodland,Field study,Litter,Elm woodland,Litter bag exclusion
Xin et al. 2009,Macro-invertebrate,Arthropod,Macro-invertebrate,Decomposers,China,Temperate,Woodland,Field study,Litter,Elm woodland,Litter bag exclusion
Xin et al. 2009,Micro-invertebrate,Arthropod,Micro-invertebrate,Decomposers,China,Temperate,Woodland,Field study,Litter,Elm woodland,Litter bag exclusion
Yang et al. 2009,Micro-invertebrate,Arthropod,Micro-invertebrate,Decomposers,China,Tropical,Woodland,Field study,Litter,Tropical rainforest,Litter bag exclusion
Yang et al. 2009,Micro-invertebrate,Arthropod,Micro-invertebrate,Decomposers,China,Tropical,Woodland,Field study,Litter,Broad-leaf forest,Litter bag exclusion
Yang et al. 2018,Micro-invertebrate,Arthropod,Micro-invertebrate,Decomposers,China,Temperate,Agriculture,Field study,Litter,Poplar-plantation,Litter bag exclusion
Yang et al. 2018,Macro-invertebrate,Arthropod,Macro-invertebrate,Decomposers,China,Temperate,Agriculture,Field study,Litter,Cropland,Litter bag exclusion
Yang et al. 2018,Micro-invertebrate,Arthropod,Micro-invertebrate,Decomposers,China,Temperate,Agriculture,Field study,Litter,Cropland,Litter bag exclusion
Yang et al. 2018,Macro-invertebrate,Arthropod,Macro-invertebrate,Decomposers,China,Temperate,Agriculture,Field study,Litter,Poplar-crop agroforestry,Litter bag exclusion
Yang et al. 2018,Macro-invertebrate,Arthropod,Macro-invertebrate,Decomposers,China,Temperate,Agriculture,Field study,Litter,Poplar-plantation,Litter bag exclusion
Yang et al. 2018,Micro-invertebrate,Arthropod,Micro-invertebrate,Decomposers,China,Temperate,Agriculture,Field study,Litter,Poplar-crop agroforestry,Litter bag exclusion
Yanoviak 1999,Mecistogaster sp.,Predator,Hunting predators,Predators,Panama,Tropical,Woodland,Mesocosm,Litter,Laboratory,Fauna manipulation
Yanoviak 1999,Culex mollis,Leaf-chewing Diptera,Leaf chewers,Herbivores,USA,Temperate,Woodland,Mesocosm,Litter,Laboratory,Fauna manipulation
Zwahlen et al. 2007,Macro-invertebrate,Arthropod,Macro-invertebrate,Decomposers,Switzerland,Temperate,Agriculture,Field study,Soil,Maize cropfield,Litter bag exclusion
Zwahlen et al. 2007,Macro-invertebrate,Arthropod,Macro-invertebrate,Decomposers,Switzerland,Temperate,Agriculture,Field study,Soil,Maize cropfield,Litter bag exclusion
Zwahlen et al. 2007,Micro-invertebrate,Arthropod,Micro-invertebrate,Decomposers,Switzerland,Temperate,Agriculture,Field study,Soil,Maize cropfield,Litter bag exclusion
Zwahlen et al. 2007,Micro-invertebrate,Arthropod,Micro-invertebrate,Decomposers,Switzerland,Temperate,Agriculture,Field study,Soil,Maize cropfield,Litter bag exclusion
Song et al. 2020,Macro-invertebrate,Arthropod,Macro-invertebrate,Decomposers,China,Temperate,Grassland,Field study,Soil,Upland grassland,Litter bag exclusion
Song et al. 2020,Macro-invertebrate,Arthropod,Macro-invertebrate,Decomposers,China,Temperate,Grassland,Field study,Soil,Upland grassland,Litter bag exclusion
Stoklosa et al. 2016,Micro-invertebrate,Arthropod,Micro-invertebrate,Decomposers,USA,Tropical,Woodland,Field study,Litter,Subtropical forest,Litter bag exclusion
Patoine et al. 2020,Macro-invertebrate,Arthropod,Macro-invertebrate,Decomposers,Germany,Temperate,Woodland,Field study,NA,Hardwood forest,Litter bag exclusion
Patoine et al. 2020,Micro-invertebrate,Arthropod,Micro-invertebrate,Decomposers,Germany,Temperate,Woodland,Field study,NA,Hardwood forest,Litter bag exclusion
Yang et al. 2020,Porcellionidae,Isopod,Detritus shredders,Decomposers,China,Temperate,Woodland,Mesocosm,Litter,Semi-humid temperate forest,Faunal addition
Yang et al. 2020,Armadillididae,Isopod,Detritus shredders,Decomposers,China,Temperate,Woodland,Mesocosm,Litter,Semi-humid temperate forest,Faunal addition
Yang et al. 2020,Porcellionidae,Isopod,Detritus shredders,Decomposers,China,Temperate,Woodland,Mesocosm,Litter,Semi-humid temperate forest,Faunal addition
Yang et al. 2020,Armadillididae,Isopod,Detritus shredders,Decomposers,China,Temperate,Woodland,Mesocosm,Litter,Semi-humid temperate forest,Faunal addition
Yang et al. 2020,Porcellionidae,Isopod,Detritus shredders,Decomposers,China,Temperate,Woodland,Mesocosm,Litter,Semi-humid temperate forest,Faunal addition
Yang et al. 2020,Armadillididae,Isopod,Detritus shredders,Decomposers,China,Temperate,Woodland,Mesocosm,Litter,Semi-humid temperate forest,Faunal addition
Lemons et al. 2005,Macro-invertebrate,Arthropod,Macro-invertebrate,Community,USA,Temperate,Grassland,Field study,Litter,Oldfield grassland,Litter bag exclusion
Scheu et al. 1999,Onychiurus scotarius; Heteromurus nitidus,Collembola,Detritus grazers,Decomposers,Germany,Temperate,Woodland,Mesocosm,Litter,Laboratory (Poa annua),Fauna manipulation
Scheu et al. 1999,Onychiurus scotarius; Heteromurus nitidus,Collembola,Detritus grazers,Decomposers,Germany,Temperate,Woodland,Mesocosm,Litter,Laboratory (Trifolium repens),Fauna manipulation
Scheu et al. 1999,Octolasion tyrtaeum; Aporrectodea caliginosa,Earthworm,Detritus grazers,Decomposers,Germany,Temperate,Woodland,Mesocosm,Litter,Laboratory (Poa annua),Fauna manipulation
Scheu et al. 1999,Octolasion tyrtaeum; Aporrectodea caliginosa,Earthworm,Detritus grazers,Decomposers,Germany,Temperate,Woodland,Mesocosm,Litter,Laboratory (Trifolium repens),Fauna manipulation
Swart et al. 2020,Macro-invertebrate,Arthropod,Micro-invertebrate,Community,South Africa,Temperate,Woodland,Field study,Litter,Afrotemperate forest,Litter bag exclusion
Schmidt et al. 2015,Macro-invertebrate,Arthropod,Macro-invertebrate,Community,Phillipines,Tropical,Agriculture,Field study,Litter,Rice cropfield,Litter bag exclusion
Schmidt et al. 2016,Macro-invertebrate,Arthropod,Macro-invertebrate,Community,Phillipines,Tropical,Agriculture,Field study,Litter,Flooded rice,Litter bag exclusion
Schmidt et al. 2016,Macro-invertebrate,Arthropod,Macro-invertebrate,Community,Phillipines,Tropical,Agriculture,Field study,Litter,Aerobic rice/flooded rice,Litter bag exclusion
Schmidt et al. 2016,Macro-invertebrate,Arthropod,Macro-invertebrate,Community,Phillipines,Tropical,Agriculture,Field study,Litter,Maize/flooded rice,Litter bag exclusion
Schmidt et al. 2016,Macro-invertebrate,Arthropod,Macro-invertebrate,Community,Phillipines,Tropical,Agriculture,Field study,Litter,Maize/aerobic rice,Litter bag exclusion
Vos et al. 2011,Polydesmus angustus,Millipede,Detritus shredders,Decomposers,Netherlands,Temperate,Woodland,Mesocosm,Litter,Laboratory,Fauna manipulation
Vos et al. 2011,Lumbricus rubellus,Earthworm,Bioturbator,Decomposers,Netherlands,Temperate,Woodland,Mesocosm,Litter,Laboratory,Fauna manipulation
Vos et al. 2011,Porcelio scaber,Isopod,Detritus shredders,Decomposers,Netherlands,Temperate,Woodland,Mesocosm,Litter,Laboratory,Fauna manipulation
Vos et al. 2011,Polydesmus angustus,Millipede,Detritus shredders,Decomposers,Netherlands,Temperate,Woodland,Mesocosm,Litter,Laboratory,Fauna manipulation
Vos et al. 2011,Lumbricus rubellus,Earthworm,Bioturbator,Decomposers,Netherlands,Temperate,Woodland,Mesocosm,Litter,Laboratory,Fauna manipulation
Vos et al. 2011,Porcelio scaber,Isopod,Detritus shredders,Decomposers,Netherlands,Temperate,Woodland,Mesocosm,Litter,Laboratory,Fauna manipulation
Vos et al. 2011,Polydesmus angustus,Millipede,Detritus shredders,Decomposers,Netherlands,Temperate,Woodland,Mesocosm,Litter,Laboratory,Fauna manipulation
Vos et al. 2011,Lumbricus rubellus,Earthworm,Bioturbator,Decomposers,Netherlands,Temperate,Woodland,Mesocosm,Litter,Laboratory,Fauna manipulation
Vos et al. 2011,Porcelio scaber,Isopod,Detritus shredders,Decomposers,Netherlands,Temperate,Woodland,Mesocosm,Litter,Laboratory,Fauna manipulation
Vos et al. 2011,Polydesmus angustus,Millipede,Detritus shredders,Decomposers,Netherlands,Temperate,Woodland,Mesocosm,Litter,Laboratory,Fauna manipulation
Vos et al. 2011,Lumbricus rubellus,Earthworm,Bioturbator,Decomposers,Netherlands,Temperate,Woodland,Mesocosm,Litter,Laboratory,Fauna manipulation
Vos et al. 2011,Porcelio scaber,Isopod,Detritus shredders,Decomposers,Netherlands,Temperate,Woodland,Mesocosm,Litter,Laboratory,Fauna manipulation
Vos et al. 2013,Oniscus asellus,Isopod,Detritus shredders,Decomposers,Netherlands,Temperate,Woodland,Mesocosm,Litter,Laboratory,Fauna manipulation
Vos et al. 2013,Oniscus asellus,Isopod,Detritus shredders,Decomposers,Netherlands,Temperate,Woodland,Mesocosm,Litter,Laboratory,Fauna manipulation
Vos et al. 2013,Oniscus asellus,Isopod,Detritus shredders,Decomposers,Netherlands,Temperate,Woodland,Mesocosm,Litter,Laboratory,Fauna manipulation
Vos et al. 2013,Oniscus asellus,Isopod,Detritus shredders,Decomposers,Netherlands,Temperate,Woodland,Mesocosm,Litter,Laboratory,Fauna manipulation
Vos et al. 2013,Oniscus asellus,Isopod,Detritus shredders,Decomposers,Netherlands,Temperate,Woodland,Mesocosm,Litter,Laboratory,Fauna manipulation
Araujo et al. 2004,Pontoscolex corethrurus,Earthworm,Bioturbator,Decomposers,Brazil,Tropical,Woodland,Mesocosm,Soil,Carapa guianesis,Fauna manipulation
Araujo et al. 2004,Pontoscolex corethrurus,Earthworm,Bioturbator,Decomposers,Brazil,Tropical,Woodland,Mesocosm,Soil,Hevea brasiliensis,Fauna manipulation
Araujo et al. 2004,Pontoscolex corethrurus,Earthworm,Bioturbator,Decomposers,Brazil,Tropical,Woodland,Mesocosm,Soil,Vismia sp.,Fauna manipulation
Araujo et al. 2004,Pontoscolex corethrurus,Earthworm,Bioturbator,Decomposers,Brazil,Tropical,Woodland,Mesocosm,Soil,Mixed litter,Fauna manipulation
Araujo et al. 2004,Rhinodrilus contortus,Earthworm,Bioturbator,Decomposers,Brazil,Tropical,Woodland,Mesocosm,Soil,Carapa guianesis,Fauna manipulation
Araujo et al. 2004,Rhinodrilus contortus,Earthworm,Bioturbator,Decomposers,Brazil,Tropical,Woodland,Mesocosm,Soil,Vismia sp.,Fauna manipulation
Araujo et al. 2004,Rhinodrilus contortus,Earthworm,Bioturbator,Decomposers,Brazil,Tropical,Woodland,Mesocosm,Soil,Hevea brasiliensis,Fauna manipulation
Araujo et al. 2004,Rhinodrilus contortus,Earthworm,Bioturbator,Decomposers,Brazil,Tropical,Woodland,Mesocosm,Soil,Mixed litter,Fauna manipulation
Araujo et al. 2004,Pontoscolex corethrurus,Earthworm,Bioturbator,Decomposers,Brazil,Tropical,Woodland,Mesocosm,Soil,Carapa guianesis,Fauna manipulation
Araujo et al. 2004,Pontoscolex corethrurus,Earthworm,Bioturbator,Decomposers,Brazil,Tropical,Woodland,Mesocosm,Soil,Mixed litter,Fauna manipulation
Araujo et al. 2004,Pontoscolex corethrurus,Earthworm,Bioturbator,Decomposers,Brazil,Tropical,Woodland,Mesocosm,Soil,Vismia sp.,Fauna manipulation
Araujo et al. 2004,Rhinodrilus contortus,Earthworm,Bioturbator,Decomposers,Brazil,Tropical,Woodland,Mesocosm,Soil,Hevea brasiliensis,Fauna manipulation
Araujo et al. 2004,Rhinodrilus contortus,Earthworm,Bioturbator,Decomposers,Brazil,Tropical,Woodland,Mesocosm,Soil,Carapa guianesis,Fauna manipulation
Araujo et al. 2004,Pontoscolex corethrurus,Earthworm,Bioturbator,Decomposers,Brazil,Tropical,Woodland,Mesocosm,Soil,Hevea brasiliensis,Fauna manipulation
Araujo et al. 2004,Rhinodrilus contortus,Earthworm,Bioturbator,Decomposers,Brazil,Tropical,Woodland,Mesocosm,Soil,Mixed litter,Fauna manipulation
Araujo et al. 2004,Rhinodrilus contortus,Earthworm,Bioturbator,Decomposers,Brazil,Tropical,Woodland,Mesocosm,Soil,Vismia sp.,Fauna manipulation
Ashton et al. 2019,Bulbitermernes; Macrotermes; Prohamitermes,Termites,Detritus shredders,Decomposers,Malayia,Tropical,Woodland,Mesocosm,Leaf litter,NA,Insecticide
Ashton et al. 2019,Bulbitermernes; Macrotermes; Prohamitermes,Termites,Detritus shredders,Decomposers,Malayia,Tropical,Woodland,Mesocosm,Leaf litter,NA,Insecticide
Brennan et al. 2009,Macroarthropods,Arthropod,Macro-invertebrate,Decomposers,Australia,Temperate,Woodland,Field study,Leaf litter,NA,Litter bag exclusion
Brown 1994,Trirhabda canadensis,Beetle,Leaf chewers,Herbivore,USA,Temperate,Grassland,Field study,Plant leaf,NA,Insecticide
Brown 1994,Trirhabda canadensis,Beetle,Leaf chewers,Herbivore,USA,Temperate,Grassland,Field study,Plant leaf,NA,Insecticide
Buchkowski and Schmitz 2015,Rabidosa rabida,Spiders,Hunting predators,Predator,USA,Temperate,Grassland,Field study,Litter,Oldfield grassland,Fauna manipulation
Buchkowski and Schmitz 2015,Melanoplus femurrubrum,Leaf-chewing Orthoptera,Leaf chewers,Herbivore,USA,Temperate,Grassland,Field study,Plant leaf,Oldfield grassland,Fauna manipulation
Buchkowski and Schmitz 2015,Oniscus asellus,Isopod,Detritus shredders,Decomposers,USA,Temperate,Grassland,Field study,Litter,Oldfield grassland,Fauna manipulation
Buchkowski and Schmitz 2015,Pisaurina mira,Spiders,Hunting predators,Predator,USA,Temperate,Grassland,Field study,Plant leaf,Oldfield grassland,Fauna manipulation
Chapman et al. 2003,Matsucoccus acalyptus,Leaf-piercing scale,Leaf piercers,Herbivore,USA,Temperate,Woodland,Field study,Plant leaf,Susceptible,Insecticide
Chapman et al. 2003,Dioryctria albovittella,Leaf-chewing Lepidoptera,Leaf chewers,Herbivore,USA,Temperate,Woodland,Field study,Plant leaf,Susceptible,Insecticide
Classen et al. 2006,Macroarthropods,Moth and Scale insects,Leaf piercers,Herbivore,USA,Temperate,Woodland,Field study,Plant leaf,NA,Insecticide
Craig and Bardgett 2001,Protaphorura armata,Collembola,Detritus grazers,Decomposers,England,Temperate,Grassland,Mesocosm,Litter,Laboratory,Fauna manipulation
Craig and Bardgett 2001,Folsomia candida,Collembola,Detritus grazers,Decomposers,England,Temperate,Grassland,Mesocosm,Litter,Laboratory,Fauna manipulation
Craig and Bardgett 2001,Pseudosinella alba,Collembola,Detritus grazers,Decomposers,England,Temperate,Grassland,Mesocosm,Litter,Laboratory,Fauna manipulation
Craig and Bardgett 2001,Collembola community,Collembola,Detritus grazers,Decomposers,England,Temperate,Grassland,Mesocosm,Litter,Laboratory,Fauna manipulation
Fonte and Schowalter 2005,Lamponius portoricensis,Phasmatidae,Leaf chewers,Herbivore,Puerto Rico,Tropical,Woodland,Field study,Plant leaf,Subtropical wet forest,Fauna manipulation
Fonte and Schowalter 2005,Lamponius portoricensis,Phasmatidae,Leaf chewers,Herbivore,Puerto Rico,Tropical,Woodland,Field study,Plant leaf,Subtropical wet forest,Fauna manipulation
Katayama et al. 2013,Aphis glycines,Aphididae,Leaf piercers,Herbivores,Japan,Temperate,Agriculture,Mesocosm,Plant leaf,Soybean cropfield,Fauna manipulation
Koltz et al. 2018,Lycosidae,Spiders,Hunting predators,Predator,USA,Arctic,Woodland,Field study,Litter,Arctic tundra,Fauna manipulation
Lamers et al. 2009,Macroarthropods,Arthropod,Macro-invertebrate,Decomposers,Uzbekistan,Temperate,Agriculture,Field study,Litter,Agroforestry plantation,Litter bag exclusion
Lamers et al. 2009,Microarthropod,Arthropod,Micro-invertebrate,Decomposers,Uzbekistan,Temperate,Agriculture,Field study,Litter,Agroforestry plantation,Litter bag exclusion
Lamers et al. 2009,Microarthropod,Arthropod,Micro-invertebrate,Decomposers,Uzbekistan,Temperate,Agriculture,Field study,Litter,Agroforestry plantation,Litter bag exclusion
Lamers et al. 2009,Microarthropod,Arthropod,Micro-invertebrate,Decomposers,Uzbekistan,Temperate,Agriculture,Field study,Litter,Agroforestry plantation,Litter bag exclusion
Lamers et al. 2009,Macroarthropods,Arthropod,Macro-invertebrate,Decomposers,Uzbekistan,Temperate,Agriculture,Field study,Litter,Agroforestry plantation,Litter bag exclusion
Lamers et al. 2009,Macroarthropods,Arthropod,Macro-invertebrate,Decomposers,Uzbekistan,Temperate,Agriculture,Field study,Litter,Agroforestry plantation,Litter bag exclusion
Mikola and Setala 1998,Prionchulus punctatus,Nematodes,Hunting predators,Predator,Finland,Temperate,Woodland,Mesocosm,Soil,Laboratory,Fauna manipulation
Mikola and Setala 1998,"Caenorhabditis elegans, Aphelenchoides",Nematodes,Detritus grazers,Decomposers,Finland,Temperate,Woodland,Mesocosm,Soil,Laboratory,Fauna manipulation
Pant et al. 2017,Macro-invertebrate,Arthropod,Macro-invertebrate,Decomposers,India,Temperate,Agriculture,Field study,Litter,Rice/wheat cropfield,Insecticide/litter bag exclusion
Pant et al. 2017,Macro-invertebrate,Arthropod,Macro-invertebrate,Decomposers,India,Temperate,Agriculture,Field study,Litter,Rice/wheat cropfield,Insecticide/litter bag exclusion
Pant et al. 2017,Macro-invertebrate,Arthropod,Macro-invertebrate,Decomposers,India,Temperate,Agriculture,Field study,Litter,Rice/wheat cropfield,Insecticide/litter bag exclusion
Pant et al. 2017,Macro-invertebrate,Arthropod,Macro-invertebrate,Decomposers,India,Temperate,Agriculture,Field study,Litter,Rice/wheat cropfield,Insecticide/litter bag exclusion
Risch et al. 2015,Macro-invertebrate,Invertebrates,Macro-invertebrate,Herbivore,Switzerland,Temperate,Woodland,Field study,Soil,Subalpline grasslands,Insecticide
Risch et al. 2015,Macro-invertebrate,Invertebrates,Macro-invertebrate,Herbivore,Switzerland,Temperate,Woodland,Field study,Soil,Subalpline grasslands,Insecticide
Risch et al. 2015,Macro-invertebrate,Invertebrates,Macro-invertebrate,Herbivore,Switzerland,Temperate,Woodland,Field study,Soil,Subalpline grasslands,Insecticide
Schadler et al. 2004,Macro-invertebrate,Arthropod,Macro-invertebrate,Herbivore,Germany,Temperate,Grassland,Field study,Plant leaf,Oldfield grassland,Insecticide
Schadler et al. 2004,Macro-invertebrate,Arthropod,Macro-invertebrate,Decomposers,Germany,Temperate,Grassland,Field study,Litter,Oldfield grassland,Insecticide
Schadler et al. 2004,Macro-invertebrate,Arthropod,Macro-invertebrate,Herbivore,Germany,Temperate,Grassland,Field study,Plant leaf,Oldfield grassland,Insecticide
Schadler et al. 2004,Macro-invertebrate,Arthropod,Macro-invertebrate,Decomposers,Germany,Temperate,Grassland,Field study,Litter,Oldfield grassland,Insecticide
Toyota and Kaneko 2014,Parafontaria laminata,Diplopoda,Detritus shredders,Decomposers,Japan,Temperate,Agriculture,Field study,Soil,Japanese Lirch Plantation,Fauna manipulation
Vreeken-Buijs and Brussard 1996,Micro-invertebrate,Arthropod,Micro-invertebrate,Decomposers,Netherlands,Temperate,Agriculture,Field study,Soil,Wheat cropfield,Litter bag exclusion
Yang et al. 2020,Porcellionidae,Isopod,Detritus shredders,Decomposers,China,Temperate,Woodland,Mesocosm,Litter,Laboratory,Fauna manipulation
Yang et al. 2020,Armadillididae,Isopod,Detritus shredders,Decomposers,China,Temperate,Woodland,Mesocosm,Litter,Laboratory,Fauna manipulation
Zhang et al. 2011,Oedaleus asiaticus,Leaf-chewing Orthoptera,Leaf chewers,Herbivore,Mongolia,Temperate,Grassland,Field study,Plant leaf,Semi-arid grassland steppe,Fauna manipulation
Zhang et al. 2011,Oedaleus asiaticus,Leaf-chewing Orthoptera,Leaf chewers,Herbivore,Mongolia,Temperate,Grassland,Field study,Plant leaf,Semi-arid grassland steppe,Fauna manipulation
Li et al. 2018,Lasius alienus; Lasius flavus,Ants,Bioturbator,Decomposers,China,Temperate,Grassland,Field study,Soil,Semi-arid grassland,Insecticide
Newington et al. 2004,"Aporrectodea caliginosa; A. longa; A. nocturna; A. tuberculata; Allolobophora chlorotica; Octolasion lacteum
lacteum",Earthworm,Bioturbator,Decomposers,England,Temperate,Grassland,Mesocosm,Soil,Laboratory,Fauna manipulation
Uriate 2000,Trirhabda virgata,Beetle,Leaf chewers,Herbivores,USA,Temperate,Grassland,Field study,Plant leaf,Oldfield grassland,Insecticide
